order_id,sale_date,delivery_date,delivery_status,product,customer_feedback,sales_region,quantity,sales_amount_cny,月份,货品交货状况,销售区域,货品,delivery_days,is_on_time,data_quality_flag
P096311,2016-07-30,2016-9-30,晚交货,货品3,质量合格,华北,2.0,1052.75,7,晚交货,华北,货品3,62,False,正常
P096826,2016-08-30,2016-10-30,按时交货,货品3,质量合格,华北,10.0,115000.0,8,按时交货,华北,货品3,61,True,正常
P097435,2016-07-30,2016-9-30,按时交货,货品1,返修,华南,2.0,6858.77,7,按时交货,华南,货品1,62,True,正常
P097446,2016-11-26,2017-1-26,晚交货,货品3,质量合格,华北,15.0,129.58,11,晚交货,华北,货品3,61,False,正常
P097446,2016-11-26,2017-1-26,晚交货,货品3,拒货,华北,15.0,32.39,11,晚交货,华北,货品3,61,False,正常
P098065,2016-07-15,2016-10-15,按时交货,货品2,返修,华东,1.0,22192.97,7,按时交货,华东,货品2,92,True,正常
P098065,2016-08-10,2016-11-10,按时交货,货品1,质量合格,华南,1.0,25723.04,8,按时交货,华南,货品1,92,True,正常
P098823,2016-09-30,2016-11-30,按时交货,货品1,拒货,华南,2.0,6934.75,9,按时交货,华南,货品1,61,True,正常
P099725,2016-08-03,2016-11-3,晚交货,货品3,质量合格,华北,1.0,1319.63,8,晚交货,华北,货品3,92,False,正常
P109038,2016-12-30,2017-2-28,晚交货,货品2,返修,马来西亚,1.0,2910.61,12,晚交货,马来西亚,货品2,60,False,正常
P109038,2016-12-30,2017-2-28,晚交货,货品2,质量合格,马来西亚,1.0,2910.61,12,晚交货,马来西亚,货品2,60,False,正常
P109736,2016-12-30,2017-2-28,按时交货,货品1,拒货,华南,1.0,30718.0,12,按时交货,华南,货品1,60,True,正常
P110672,2016-07-15,2016-10-15,按时交货,货品1,拒货,华南,280.0,19755.19,7,按时交货,华南,货品1,92,True,正常
P110672,2016-09-15,2016-12-15,按时交货,货品1,质量合格,华南,280.0,19755.19,9,按时交货,华南,货品1,91,True,正常
P111812,2016-08-25,2016-10-25,按时交货,货品1,质量合格,华南,1.0,17538.97,8,按时交货,华南,货品1,61,True,正常
P111812,2016-08-25,2016-10-25,按时交货,货品1,拒货,华南,1.0,17538.97,8,按时交货,华南,货品1,61,True,正常
P112481,2016-09-12,2016-12-12,晚交货,货品2,拒货,马来西亚,1.0,1140.53,9,晚交货,马来西亚,货品2,91,False,正常
P112700,2016-07-30,2016-9-30,按时交货,货品2,拒货,马来西亚,2.0,44.19,7,按时交货,马来西亚,货品2,62,True,正常
P113276,2016-08-22,2016-11-22,晚交货,货品2,拒货,马来西亚,1.0,38.97,8,晚交货,马来西亚,货品2,92,False,正常
P114322,2016-12-15,2017-3-15,晚交货,货品2,拒货,马来西亚,1.0,200.61,12,晚交货,马来西亚,货品2,90,False,正常
P114322,2016-11-22,2017-2-22,晚交货,货品2,拒货,马来西亚,1.0,200.61,11,晚交货,马来西亚,货品2,92,False,正常
P116102,2016-08-30,2016-10-30,按时交货,货品6,质量合格,马来西亚,1.0,92.0,8,按时交货,马来西亚,货品6,61,True,正常
P117997,2016-08-25,2016-10-25,晚交货,货品2,拒货,马来西亚,1500.0,4419.19,8,晚交货,马来西亚,货品2,61,False,正常
P121154,2016-07-30,2016-9-30,按时交货,货品3,质量合格,华北,1.0,327000.0,7,按时交货,华北,货品3,62,True,正常
P122441,2016-08-31,2016-10-31,按时交货,货品5,拒货,泰国,1.0,348.74,8,按时交货,泰国,货品5,61,True,正常
P122603,2016-08-31,2016-10-31,按时交货,货品6,质量合格,马来西亚,1.0,36.71,8,按时交货,马来西亚,货品6,61,True,正常
P122660,2016-08-31,2016-10-31,晚交货,货品2,返修,马来西亚,1.0,152.59,8,晚交货,马来西亚,货品2,61,False,正常
P122837,2016-08-31,2016-10-31,按时交货,货品4,返修,西北,1.0,399.94,8,按时交货,西北,货品4,61,True,正常
P123073,2016-08-31,2016-10-31,按时交货,货品6,质量合格,马来西亚,4.0,7.69,8,按时交货,马来西亚,货品6,61,True,正常
P123092,2016-10-01,2016-11-30,按时交货,货品5,质量合格,泰国,7.0,104.9,10,按时交货,泰国,货品5,60,True,正常
P123140,2016-08-31,2016-10-31,按时交货,货品5,质量合格,泰国,1.0,158.3,8,按时交货,泰国,货品5,61,True,正常
P123314,2016-10-01,2016-11-30,按时交货,货品6,质量合格,马来西亚,1.0,7.5,10,按时交货,马来西亚,货品6,60,True,正常
P123487,2016-08-15,2016-11-15,按时交货,货品6,质量合格,马来西亚,1.0,200.25,8,按时交货,马来西亚,货品6,92,True,正常
P123511,2016-12-10,2017-3-10,晚交货,货品2,拒货,华东,1.0,6984.25,12,晚交货,华东,货品2,90,False,正常
P121154,2016-07-30,2016-9-30,按时交货,货品3,质量合格,华北,1.0,32.7,7,按时交货,华北,货品3,62,True,正常
P122603,2016-08-31,2016-10-31,按时交货,货品6,质量合格,马来西亚,1.0,36.71,8,按时交货,马来西亚,货品6,61,True,正常
P122660,2016-08-31,2016-10-31,晚交货,货品2,返修,马来西亚,1.0,152.59,8,晚交货,马来西亚,货品2,61,False,正常
P122837,2016-08-31,2016-10-31,按时交货,货品4,返修,西北,1.0,399.94,8,按时交货,西北,货品4,61,True,正常
P123073,2016-08-31,2016-10-31,按时交货,货品6,质量合格,马来西亚,4.0,7.69,8,按时交货,马来西亚,货品6,61,True,正常
P123092,2016-10-01,2016-11-30,按时交货,货品5,质量合格,泰国,7.0,104.9,10,按时交货,泰国,货品5,60,True,正常
P123140,2016-08-31,2016-10-31,按时交货,货品5,质量合格,泰国,1.0,158.3,8,按时交货,泰国,货品5,61,True,正常
P123314,2016-10-01,2016-11-30,按时交货,货品6,质量合格,马来西亚,1.0,7.5,10,按时交货,马来西亚,货品6,60,True,正常
P123487,2016-08-15,2016-11-15,按时交货,货品6,质量合格,马来西亚,1.0,200.25,8,按时交货,马来西亚,货品6,92,True,正常
P123511,2016-12-10,2017-3-10,晚交货,货品2,拒货,华东,1.0,6984.25,12,晚交货,华东,货品2,90,False,正常
P123511,2016-10-08,2017-1-8,晚交货,货品2,拒货,华东,1.0,6984.25,10,晚交货,华东,货品2,92,False,正常
P123703,2016-08-15,2016-11-15,按时交货,货品6,质量合格,马来西亚,5.0,7.09,8,按时交货,马来西亚,货品6,92,True,正常
P124553,2016-08-24,2016-11-24,按时交货,货品6,质量合格,马来西亚,1.0,15.46,8,按时交货,马来西亚,货品6,92,True,正常
P124855,2016-12-01,2017-1-31,按时交货,货品6,质量合格,马来西亚,1.0,22.59,12,按时交货,马来西亚,货品6,61,True,正常
P124940,2016-09-15,2016-12-15,按时交货,货品5,质量合格,泰国,1.0,205.42,9,按时交货,泰国,货品5,91,True,正常
P125296,2016-09-15,2016-12-15,按时交货,货品6,质量合格,马来西亚,2.0,31.24,9,按时交货,马来西亚,货品6,91,True,正常
P125385,2016-10-15,2017-1-15,按时交货,货品6,质量合格,马来西亚,1.0,44.91,10,按时交货,马来西亚,货品6,92,True,正常
P125534,2016-10-15,2017-1-15,按时交货,货品5,返修,泰国,1.0,127.29,10,按时交货,泰国,货品5,92,True,正常
P125535,2016-09-15,2016-12-15,按时交货,货品5,返修,泰国,1.0,109.75,9,按时交货,泰国,货品5,91,True,正常
P126485,2016-10-30,2016-12-30,按时交货,货品5,拒货,泰国,1.0,303.29,10,按时交货,泰国,货品5,61,True,正常
P126486,2016-10-30,2016-12-30,按时交货,货品5,质量合格,泰国,1.0,142.36,10,按时交货,泰国,货品5,61,True,正常
P126487,2016-10-30,2016-12-30,按时交货,货品6,质量合格,马来西亚,1.0,8.45,10,按时交货,马来西亚,货品6,61,True,正常
P126788,2016-12-30,2017-2-28,晚交货,货品1,拒货,华南,1.0,4485.39,12,晚交货,华南,货品1,60,False,正常
P127037,2016-10-30,2016-12-30,按时交货,货品4,质量合格,西北,1.0,440.01,10,按时交货,西北,货品4,61,True,正常
P127069,2016-10-30,2016-12-30,晚交货,货品2,拒货,华东,1.0,102.66,10,晚交货,华东,货品2,61,False,正常
P127202,2016-10-15,2017-1-15,按时交货,货品5,质量合格,泰国,1.0,283.02,10,按时交货,泰国,货品5,92,True,正常
P128120,2016-12-01,2017-1-31,按时交货,货品6,返修,马来西亚,1.0,24.98,12,按时交货,马来西亚,货品6,61,True,正常
P128238,2016-07-30,2016-9-30,晚交货,货品2,拒货,华东,1.0,458.29,7,晚交货,华东,货品2,62,False,正常
P128387,2016-11-30,2017-1-30,按时交货,货品5,质量合格,泰国,1.0,365.39,11,按时交货,泰国,货品5,61,True,正常
P128643,2016-12-01,2017-1-31,按时交货,货品6,返修,马来西亚,1.0,90.84,12,按时交货,马来西亚,货品6,61,True,正常
P129172,2016-08-29,2016-10-29,晚交货,货品2,返修,华东,2.0,13733.72,8,晚交货,华东,货品2,61,False,正常
P129639,2016-11-15,2017-2-15,按时交货,货品6,质量合格,马来西亚,1.0,18.65,11,按时交货,马来西亚,货品6,92,True,正常
P129929,2016-12-30,2017-2-28,按时交货,货品6,返修,马来西亚,1.0,26.25,12,按时交货,马来西亚,货品6,60,True,正常
P129930,2016-12-30,2017-2-28,按时交货,货品6,质量合格,马来西亚,1.0,24.43,12,按时交货,马来西亚,货品6,60,True,正常
P130559,2016-12-30,2017-2-28,按时交货,货品6,质量合格,马来西亚,1.0,13.09,12,按时交货,马来西亚,货品6,60,True,正常
P132063,2016-07-30,2016-9-30,按时交货,货品3,拒货,华北,2.0,153.62,7,按时交货,华北,货品3,62,True,正常
P132063,2016-07-30,2016-9-30,按时交货,货品3,拒货,华北,2.0,155.07,7,按时交货,华北,货品3,62,True,正常
P132964,2016-11-16,2017-2-16,晚交货,货品2,拒货,华东,1.0,3599.76,11,晚交货,华东,货品2,92,False,正常
P135728,2016-08-30,2016-10-30,按时交货,货品3,质量合格,华北,4.0,62.96,8,按时交货,华北,货品3,61,True,正常
P135728,2016-08-30,2016-10-30,按时交货,货品6,质量合格,马来西亚,4.0,34.89,8,按时交货,马来西亚,货品6,61,True,正常
P135735,2016-11-30,2017-1-30,按时交货,货品3,质量合格,华北,4.0,62.96,11,按时交货,华北,货品3,61,True,正常
P135735,2016-11-30,2017-1-30,按时交货,货品6,质量合格,马来西亚,4.0,34.89,11,按时交货,马来西亚,货品6,61,True,正常
P135737,2016-08-30,2016-10-30,按时交货,货品3,质量合格,华北,4.0,62.96,8,按时交货,华北,货品3,61,True,正常
P135737,2016-08-30,2016-10-30,按时交货,货品6,返修,马来西亚,4.0,34.89,8,按时交货,马来西亚,货品6,61,True,正常
P135951,2016-09-25,2016-11-25,按时交货,货品1,质量合格,西北,1.0,90000.46,9,按时交货,西北,货品1,61,True,正常
P135951,2016-09-25,2016-11-25,按时交货,货品1,质量合格,华南,1.0,92595.22,9,按时交货,华南,货品1,61,True,正常
P137613,2016-08-31,2016-10-31,按时交货,货品3,质量合格,华北,1.0,75.32,8,按时交货,华北,货品3,61,True,正常
P137613,2016-08-31,2016-10-31,按时交货,货品3,质量合格,华北,1.0,47.58,8,按时交货,华北,货品3,61,True,正常
P138559,2016-08-30,2016-10-30,按时交货,货品1,质量合格,华北,1.0,13712.8,8,按时交货,华北,货品1,61,True,正常
P144800,2016-08-16,2016-11-16,晚交货,货品3,拒货,华北,1.0,1367.02,8,晚交货,华北,货品3,92,False,正常
P144841,2016-08-24,2016-11-24,按时交货,货品5,质量合格,泰国,1.0,329.98,8,按时交货,泰国,货品5,92,True,正常
P146012,2016-10-17,2017-1-17,晚交货,货品2,拒货,华东,1.0,19283.9,10,晚交货,华东,货品2,92,False,正常
P146166,2016-07-30,2016-9-30,晚交货,货品2,拒货,华东,1.0,557.17,7,晚交货,华东,货品2,62,False,正常
P150740,2016-07-30,2016-9-30,按时交货,货品4,质量合格,西北,2.0,351.52,7,按时交货,西北,货品4,62,True,正常
P150740,2016-07-30,2016-9-30,晚交货,货品4,质量合格,西北,2.0,371.15,7,晚交货,西北,货品4,62,False,正常
P152820,2016-07-30,2016-9-30,按时交货,货品3,质量合格,华北,40.0,34.07,7,按时交货,华北,货品3,62,True,正常
P152820,2016-07-30,2016-9-30,按时交货,货品3,返修,华北,40.0,34.07,7,按时交货,华北,货品3,62,True,正常
P153464,2016-11-30,2017-1-30,按时交货,货品6,质量合格,马来西亚,1.0,683.68,11,按时交货,马来西亚,货品6,61,True,正常
P153464,2016-11-30,2017-1-30,按时交货,货品6,质量合格,马来西亚,1.0,683.68,11,按时交货,马来西亚,货品6,61,True,正常
P155360,2016-11-07,2017-2-7,晚交货,货品2,拒货,华东,1.0,2978.48,11,晚交货,华东,货品2,92,False,正常
P155360,2016-10-01,2016-11-30,晚交货,货品2,拒货,华东,1.0,0.0,10,晚交货,华东,货品2,60,False,正常
P155427,2016-08-12,2016-11-12,晚交货,货品2,拒货,华东,1.0,154.06,8,晚交货,华东,货品2,92,False,正常
P155700,2016-07-30,2016-9-30,按时交货,货品6,返修,马来西亚,2.0,200.79,7,按时交货,马来西亚,货品6,62,True,正常
P158480,2016-07-20,2016-10-20,按时交货,货品3,质量合格,华北,80.0,151.98,7,按时交货,华北,货品3,92,True,正常
P158480,2016-07-20,2016-10-20,按时交货,货品3,质量合格,华北,96.0,77.1,7,按时交货,华北,货品3,92,True,正常
P159946,2016-08-15,2016-11-15,晚交货,货品2,返修,华东,21.0,2219.87,8,晚交货,华东,货品2,92,False,正常
P159952,2016-09-30,2016-11-30,晚交货,货品2,拒货,华东,21.0,357.52,9,晚交货,华东,货品2,61,False,正常
P161989,2016-08-15,2016-11-15,晚交货,货品3,质量合格,华北,6.0,3034.66,8,晚交货,华北,货品3,92,False,正常
P162144,2016-09-12,2016-12-12,晚交货,货品2,拒货,华东,1500.0,4135.11,9,晚交货,华东,货品2,91,False,正常
P163341,2016-08-30,2016-10-30,晚交货,货品2,质量合格,华东,1.0,2.22,8,晚交货,华东,货品2,61,False,正常
P163341,2016-08-30,2016-10-30,按时交货,货品6,返修,马来西亚,1.0,1.38,8,按时交货,马来西亚,货品6,61,True,正常
P163365,2016-07-20,2016-10-20,按时交货,货品3,拒货,华北,2.0,21.0,7,按时交货,华北,货品3,92,True,正常
P164647,2016-07-15,2016-10-15,按时交货,货品3,返修,华北,1.0,3488.41,7,按时交货,华北,货品3,92,True,正常
P165493,2016-07-30,2016-9-30,按时交货,货品3,返修,华北,2.0,7.15,7,按时交货,华北,货品3,62,True,正常
P165641,2016-08-25,2016-10-25,按时交货,货品6,质量合格,马来西亚,24.0,14.85,8,按时交货,马来西亚,货品6,61,True,正常
P165641,2016-08-25,2016-10-25,按时交货,货品6,返修,马来西亚,24.0,14.85,8,按时交货,马来西亚,货品6,61,True,正常
P165673,2016-07-30,2016-9-30,按时交货,货品2,返修,华东,1.0,268.59,7,按时交货,华东,货品2,62,True,正常
P165673,2016-07-30,2016-9-30,按时交货,货品2,质量合格,华东,1.0,109.76,7,按时交货,华东,货品2,62,True,正常
P165692,2016-07-15,2016-10-15,按时交货,货品6,质量合格,马来西亚,6.0,548.58,7,按时交货,马来西亚,货品6,92,True,正常
P165692,2016-07-15,2016-10-15,按时交货,货品6,质量合格,马来西亚,6.0,548.58,7,按时交货,马来西亚,货品6,92,True,正常
P166323,2016-07-29,2016-9-29,按时交货,货品3,返修,华北,4.0,790.73,7,按时交货,华北,货品3,62,True,正常
P167201,2016-07-30,2016-9-30,按时交货,货品6,返修,马来西亚,1.0,11.84,7,按时交货,马来西亚,货品6,62,True,正常
P167388,2016-07-30,2016-9-30,晚交货,货品4,质量合格,西北,2.0,763.17,7,晚交货,西北,货品4,62,False,正常
P167411,2016-07-20,2016-10-20,按时交货,货品2,质量合格,华东,1.0,423.36,7,按时交货,华东,货品2,92,True,正常
P167411,2016-07-20,2016-10-20,按时交货,货品2,返修,华东,1.0,423.36,7,按时交货,华东,货品2,92,True,正常
P167417,2016-07-20,2016-10-20,按时交货,货品2,质量合格,华东,1.0,423.36,7,按时交货,华东,货品2,92,True,正常
P167417,2016-07-20,2016-10-20,按时交货,货品2,质量合格,华东,1.0,423.36,7,按时交货,华东,货品2,92,True,正常
P167981,2016-08-10,2016-11-10,晚交货,货品2,质量合格,华东,1.0,545.98,8,晚交货,华东,货品2,92,False,正常
P171760,2016-08-29,2016-10-29,按时交货,货品3,质量合格,华北,2.0,924.65,8,按时交货,华北,货品3,61,True,正常
P171890,2016-08-22,2016-11-22,按时交货,货品3,拒货,华北,1.0,2628.66,8,按时交货,华北,货品3,92,True,正常
P173979,2016-07-20,2016-10-20,按时交货,货品3,拒货,华北,2.0,94.67,7,按时交货,华北,货品3,92,True,正常
P174082,2016-07-30,2016-9-30,按时交货,货品6,返修,马来西亚,2.0,23.67,7,按时交货,马来西亚,货品6,62,True,正常
P174127,2016-07-30,2016-9-30,按时交货,货品3,质量合格,华北,1.0,747.37,7,按时交货,华北,货品3,62,True,正常
P175427,2016-12-30,2017-2-28,按时交货,货品2,拒货,华东,288.0,210.62,12,按时交货,华东,货品2,60,True,正常
P175427,2016-12-30,2017-2-28,按时交货,货品2,拒货,华东,288.0,210.62,12,按时交货,华东,货品2,60,True,正常
P175433,2016-07-30,2016-9-30,按时交货,货品3,质量合格,华北,1.0,1741.4,7,按时交货,华北,货品3,62,True,正常
P175447,2016-09-15,2016-12-15,按时交货,货品2,质量合格,华东,1.0,460.09,9,按时交货,华东,货品2,91,True,正常
P175451,2016-08-15,2016-11-15,晚交货,货品4,返修,西北,1.0,737.45,8,晚交货,西北,货品4,92,False,正常
P175498,2016-08-15,2016-11-15,按时交货,货品5,返修,泰国,1.0,191.87,8,按时交货,泰国,货品5,92,True,正常
P175591,2016-10-01,2016-11-30,按时交货,货品2,拒货,华东,2.0,26.29,10,按时交货,华东,货品2,60,True,正常
P176334,2016-07-15,2016-10-15,按时交货,货品6,返修,马来西亚,84.0,543.49,7,按时交货,马来西亚,货品6,92,True,正常
P176334,2016-07-15,2016-10-15,按时交货,货品6,质量合格,马来西亚,84.0,543.49,7,按时交货,马来西亚,货品6,92,True,正常
P177109,2016-07-30,2016-9-30,按时交货,货品5,质量合格,泰国,1.0,114.96,7,按时交货,泰国,货品5,62,True,正常
P177282,2016-07-20,2016-10-20,按时交货,货品3,质量合格,华北,1.0,236.16,7,按时交货,华北,货品3,92,True,正常
P178157,2016-07-30,2016-9-30,按时交货,货品2,拒货,华东,1.0,749.84,7,按时交货,华东,货品2,62,True,正常
P178157,2016-07-30,2016-9-30,按时交货,货品2,返修,华东,1.0,749.84,7,按时交货,华东,货品2,62,True,正常
P178212,2016-07-30,2016-9-30,按时交货,货品5,质量合格,泰国,1.0,85.6,7,按时交货,泰国,货品5,62,True,正常
P178212,2016-07-30,2016-9-30,按时交货,货品5,质量合格,泰国,1.0,85.6,7,按时交货,泰国,货品5,62,True,正常
P178341,2016-08-31,2016-10-31,按时交货,货品3,质量合格,华北,1.0,3285.04,8,按时交货,华北,货品3,61,True,正常
P178343,2016-08-12,2016-11-12,按时交货,货品1,质量合格,华北,1.0,10446.44,8,按时交货,华北,货品1,92,True,正常
P178381,2016-07-15,2016-10-15,按时交货,货品6,返修,马来西亚,1.0,42.64,7,按时交货,马来西亚,货品6,92,True,正常
P178437,2016-07-12,2016-10-12,晚交货,货品2,返修,华东,1.0,6832.89,7,晚交货,华东,货品2,92,False,正常
P180516,2016-07-20,2016-10-20,按时交货,货品2,拒货,华东,2.0,1.38,7,按时交货,华东,货品2,92,True,正常
P181098,2016-07-30,2016-9-30,按时交货,货品2,拒货,华东,2.0,2.77,7,按时交货,华东,货品2,62,True,正常
P181098,2016-07-30,2016-9-30,按时交货,货品2,拒货,华东,2.0,2.77,7,按时交货,华东,货品2,62,True,正常
P181184,2016-08-30,2016-10-30,按时交货,货品6,质量合格,马来西亚,28.0,9.17,8,按时交货,马来西亚,货品6,61,True,正常
P181184,2016-08-30,2016-10-30,按时交货,货品6,质量合格,马来西亚,28.0,9.17,8,按时交货,马来西亚,货品6,61,True,正常
P181233,2016-07-30,2016-9-30,按时交货,货品2,拒货,华东,1.0,287.49,7,按时交货,华东,货品2,62,True,正常
P181846,2016-10-01,2016-11-30,按时交货,货品1,返修,华北,1.0,6769.22,10,按时交货,华北,货品1,60,True,正常
P181907,2016-07-30,2016-9-30,按时交货,货品6,返修,马来西亚,1.0,36.67,7,按时交货,马来西亚,货品6,62,True,正常
P181953,2016-07-30,2016-9-30,按时交货,货品5,拒货,泰国,60.0,124.11,7,按时交货,泰国,货品5,62,True,正常
P181988,2016-07-30,2016-9-30,按时交货,货品3,质量合格,华北,12.0,59.72,7,按时交货,华北,货品3,62,True,正常
P181988,2016-07-30,2016-9-30,按时交货,货品3,质量合格,华北,2.0,5.24,7,按时交货,华北,货品3,62,True,正常
P182017,2016-07-15,2016-10-15,按时交货,货品4,返修,西北,1.0,759.55,7,按时交货,西北,货品4,92,True,正常
P182776,2016-07-30,2016-9-30,按时交货,货品3,质量合格,华北,1.0,65.39,7,按时交货,华北,货品3,62,True,正常
P182781,2016-07-30,2016-9-30,按时交货,货品5,质量合格,泰国,8.0,77.12,7,按时交货,泰国,货品5,62,True,正常
P182781,2016-07-30,2016-9-30,按时交货,货品5,返修,泰国,1.0,23.54,7,按时交货,泰国,货品5,62,True,正常
P182817,2016-07-30,2016-9-30,按时交货,货品4,返修,西北,4.0,501.85,7,按时交货,西北,货品4,62,True,正常
P182850,2016-10-01,2016-11-30,按时交货,货品2,拒货,华东,6.0,114.8,10,按时交货,华东,货品2,60,True,正常
P182916,2016-07-30,2016-9-30,按时交货,货品5,质量合格,泰国,1.0,392.14,7,按时交货,泰国,货品5,62,True,正常
P183648,2016-11-30,2017-1-30,按时交货,货品2,拒货,华东,2.0,1.57,11,按时交货,华东,货品2,61,True,正常
P183648,2016-11-30,2017-1-30,按时交货,货品2,返修,华东,2.0,104.42,11,按时交货,华东,货品2,61,True,正常
P183742,2016-07-15,2016-10-15,按时交货,货品2,返修,华东,1.0,3818.0,7,按时交货,华东,货品2,92,True,正常
P183790,2016-07-30,2016-9-30,按时交货,货品5,质量合格,泰国,1.0,46.82,7,按时交货,泰国,货品5,62,True,正常
P183790,2016-07-30,2016-9-30,按时交货,货品5,质量合格,泰国,3.0,63.41,7,按时交货,泰国,货品5,62,True,正常
P183956,2016-08-15,2016-11-15,按时交货,货品6,质量合格,马来西亚,1.0,1141.36,8,按时交货,马来西亚,货品6,92,True,正常
P184524,2016-07-15,2016-10-15,按时交货,货品2,返修,华东,1.0,87.03,7,按时交货,华东,货品2,92,True,正常
P184529,2016-08-15,2016-11-15,按时交货,货品5,拒货,泰国,108.0,140.21,8,按时交货,泰国,货品5,92,True,正常
P184529,2016-08-15,2016-11-15,按时交货,货品5,返修,泰国,108.0,140.21,8,按时交货,泰国,货品5,92,True,正常
P184532,2016-08-15,2016-11-15,按时交货,货品2,返修,华东,24.0,311.57,8,按时交货,华东,货品2,92,True,正常
P184532,2016-08-15,2016-11-15,按时交货,货品2,拒货,华东,24.0,311.57,8,按时交货,华东,货品2,92,True,正常
P184547,2016-07-05,2016-10-5,按时交货,货品3,返修,华北,1260.0,342.93,7,按时交货,华北,货品3,92,True,正常
P184577,2016-07-30,2016-9-30,按时交货,货品6,返修,马来西亚,6.0,397.15,7,按时交货,马来西亚,货品6,62,True,正常
P184577,2016-07-30,2016-9-30,按时交货,货品6,质量合格,马来西亚,6.0,935.67,7,按时交货,马来西亚,货品6,62,True,正常
P185334,2016-07-30,2016-9-30,按时交货,货品6,质量合格,马来西亚,1.0,30.17,7,按时交货,马来西亚,货品6,62,True,正常
P185338,2016-07-30,2016-9-30,按时交货,货品6,质量合格,马来西亚,10.0,63.14,7,按时交货,马来西亚,货品6,62,True,正常
P185347,2016-07-30,2016-9-30,按时交货,货品5,质量合格,泰国,10.0,96.54,7,按时交货,泰国,货品5,62,True,正常
P185372,2016-07-30,2016-9-30,按时交货,货品5,质量合格,泰国,5.0,339.82,7,按时交货,泰国,货品5,62,True,正常
P186240,2016-12-30,2017-2-28,按时交货,货品2,拒货,华东,2.0,1438.86,12,按时交货,华东,货品2,60,True,正常
P186240,2016-12-30,2017-2-28,按时交货,货品2,拒货,华东,2.0,1791.67,12,按时交货,华东,货品2,60,True,正常
P186293,2016-07-30,2016-9-30,按时交货,货品6,质量合格,马来西亚,1.0,29.98,7,按时交货,马来西亚,货品6,62,True,正常
P186308,2016-09-09,2016-12-9,按时交货,货品3,质量合格,华北,400.0,282.88,9,按时交货,华北,货品3,91,True,正常
P186432,2016-09-06,2016-12-6,晚交货,货品2,拒货,华东,1.0,23715.31,9,晚交货,华东,货品2,91,False,正常
P186463,2016-07-27,2016-9-27,按时交货,货品3,返修,华北,100.0,94.02,7,按时交货,华北,货品3,62,True,正常
P186522,2016-08-30,2016-10-30,按时交货,货品2,返修,华东,268.0,20.44,8,按时交货,华东,货品2,61,True,正常
P186522,2016-08-30,2016-10-30,按时交货,货品2,拒货,华东,268.0,20.44,8,按时交货,华东,货品2,61,True,正常
P187216,2016-07-15,2016-10-15,按时交货,货品2,拒货,华东,80.0,142.65,7,按时交货,华东,货品2,92,True,正常
P187230,2016-10-30,2016-12-30,按时交货,货品2,质量合格,华东,2.0,1374.73,10,按时交货,华东,货品2,61,True,正常
P187241,2016-07-30,2016-9-30,按时交货,货品1,质量合格,华北,1.0,3528.65,7,按时交货,华北,货品1,62,True,正常
P187332,2016-10-01,2016-11-30,按时交货,货品5,拒货,泰国,1.0,396.24,10,按时交货,泰国,货品5,60,True,正常
P187346,2016-07-09,2016-10-9,按时交货,货品2,返修,华东,2.0,2.75,7,按时交货,华东,货品2,92,True,正常
P187379,2016-07-25,2016-9-25,按时交货,货品3,质量合格,华北,12.0,9.14,7,按时交货,华北,货品3,62,True,正常
P187396,2016-12-30,2017-2-28,按时交货,货品3,质量合格,华北,4.0,27.43,12,按时交货,华北,货品3,60,True,正常
P187396,2016-12-30,2017-2-28,按时交货,货品3,返修,华北,2.0,128.93,12,按时交货,华北,货品3,60,True,正常
P188071,2016-07-30,2016-9-30,按时交货,货品3,拒货,华北,5.0,45.62,7,按时交货,华北,货品3,62,True,正常
P188074,2016-07-10,2016-10-10,按时交货,货品2,质量合格,华东,2.0,320.23,7,按时交货,华东,货品2,92,True,正常
P188074,2016-07-10,2016-10-10,按时交货,货品2,质量合格,华东,2.0,320.23,7,按时交货,华东,货品2,92,True,正常
P188157,2016-07-30,2016-9-30,按时交货,货品6,质量合格,马来西亚,1.0,84.72,7,按时交货,马来西亚,货品6,62,True,正常
P188200,2016-07-30,2016-9-30,按时交货,货品3,返修,华北,1.0,2517.52,7,按时交货,华北,货品3,62,True,正常
P188745,2016-07-15,2016-10-15,按时交货,货品2,质量合格,华东,16.0,3059.7,7,按时交货,华东,货品2,92,True,正常
P188753,2016-07-30,2016-9-30,按时交货,货品6,质量合格,马来西亚,1.0,31.95,7,按时交货,马来西亚,货品6,62,True,正常
P188755,2016-08-15,2016-11-15,按时交货,货品2,质量合格,华东,1.0,717.77,8,按时交货,华东,货品2,92,True,正常
P188799,2016-09-30,2016-11-30,按时交货,货品3,质量合格,华北,168.0,110.09,9,按时交货,华北,货品3,61,True,正常
P188799,2016-09-30,2016-11-30,按时交货,货品3,质量合格,华北,18.0,16.46,9,按时交货,华北,货品3,61,True,正常
P189459,2016-09-09,2016-12-9,按时交货,货品3,质量合格,华北,8.0,9.12,9,按时交货,华北,货品3,91,True,正常
P189459,2016-09-09,2016-12-9,按时交货,货品3,质量合格,华北,8.0,9.12,9,按时交货,华北,货品3,91,True,正常
P189594,2016-07-25,2016-9-25,按时交货,货品2,拒货,华东,1.0,363.62,7,按时交货,华东,货品2,62,True,正常
P189689,2016-07-30,2016-9-30,按时交货,货品2,返修,华东,1.0,97.47,7,按时交货,华东,货品2,62,True,正常
P190212,2016-07-11,2016-10-11,按时交货,货品5,返修,泰国,2.0,108.56,7,按时交货,泰国,货品5,92,True,正常
P190354,2016-08-31,2016-10-31,按时交货,货品6,质量合格,马来西亚,50.0,5.46,8,按时交货,马来西亚,货品6,61,True,正常
P190354,2016-08-31,2016-10-31,按时交货,货品6,质量合格,马来西亚,50.0,38.85,8,按时交货,马来西亚,货品6,61,True,正常
P190421,2016-07-30,2016-9-30,按时交货,货品6,质量合格,马来西亚,10.0,29.24,7,按时交货,马来西亚,货品6,62,True,正常
P191037,2016-08-30,2016-10-30,按时交货,货品5,质量合格,泰国,1.0,150.7,8,按时交货,泰国,货品5,61,True,正常
P191042,2016-08-29,2016-10-29,按时交货,货品2,质量合格,华东,1.0,554.59,8,按时交货,华东,货品2,61,True,正常
P191043,2016-08-29,2016-10-29,按时交货,货品2,返修,华东,1.0,554.59,8,按时交货,华东,货品2,61,True,正常
P191053,2016-07-30,2016-9-30,按时交货,货品6,质量合格,马来西亚,30.0,45.61,7,按时交货,马来西亚,货品6,62,True,正常
P191078,2016-07-30,2016-9-30,按时交货,货品6,质量合格,马来西亚,1.0,45.61,7,按时交货,马来西亚,货品6,62,True,正常
P191107,2016-07-15,2016-10-15,按时交货,货品6,质量合格,马来西亚,1.0,58.68,7,按时交货,马来西亚,货品6,92,True,正常
P191298,2016-07-30,2016-9-30,按时交货,货品3,质量合格,华北,1.0,121.62,7,按时交货,华北,货品3,62,True,正常
P191298,2016-07-30,2016-9-30,按时交货,货品3,质量合格,华北,1.0,144.43,7,按时交货,华北,货品3,62,True,正常
P191330,2016-08-15,2016-11-15,按时交货,货品3,质量合格,华北,1.0,255.41,8,按时交货,华北,货品3,92,True,正常
P192017,2016-07-30,2016-9-30,按时交货,货品6,质量合格,马来西亚,1.0,69.61,7,按时交货,马来西亚,货品6,62,True,正常
P192142,2016-07-16,2016-10-16,按时交货,货品6,质量合格,马来西亚,2.0,1428.4,7,按时交货,马来西亚,货品6,92,True,正常
P192142,2016-07-16,2016-10-16,按时交货,货品6,质量合格,马来西亚,1.0,753.16,7,按时交货,马来西亚,货品6,92,True,正常
P192191,2016-07-30,2016-9-30,按时交货,货品5,质量合格,泰国,50.0,76.22,7,按时交货,泰国,货品5,62,True,正常
P192191,2016-07-30,2016-9-30,按时交货,货品5,质量合格,泰国,5.0,78.89,7,按时交货,泰国,货品5,62,True,正常
P192214,2016-07-30,2016-9-30,按时交货,货品5,返修,泰国,20.0,109.08,7,按时交货,泰国,货品5,62,True,正常
P192464,2016-07-30,2016-9-30,按时交货,货品2,质量合格,华东,1.0,2508.67,7,按时交货,华东,货品2,62,True,正常
P192809,2016-07-30,2016-9-30,按时交货,货品6,质量合格,马来西亚,20.0,66.96,7,按时交货,马来西亚,货品6,62,True,正常
P192809,2016-07-30,2016-9-30,按时交货,货品6,质量合格,马来西亚,2.0,6.7,7,按时交货,马来西亚,货品6,62,True,正常
P192854,2016-07-30,2016-9-30,按时交货,货品3,拒货,华北,2.0,73.62,7,按时交货,华北,货品3,62,True,正常
P192857,2016-07-15,2016-10-15,按时交货,货品6,质量合格,马来西亚,5.0,17.9,7,按时交货,马来西亚,货品6,92,True,正常
P192857,2016-07-15,2016-10-15,按时交货,货品6,质量合格,马来西亚,5.0,31.32,7,按时交货,马来西亚,货品6,92,True,正常
P192879,2016-08-25,2016-10-25,晚交货,货品4,返修,西北,1.0,485.46,8,晚交货,西北,货品4,61,False,正常
P192954,2016-07-30,2016-9-30,按时交货,货品2,质量合格,华东,4.0,222.15,7,按时交货,华东,货品2,62,True,正常
P193041,2016-09-10,2016-12-10,按时交货,货品2,质量合格,华东,268.0,191.31,9,按时交货,华东,货品2,91,True,正常
P193041,2016-09-10,2016-12-10,按时交货,货品2,质量合格,华东,268.0,191.31,9,按时交货,华东,货品2,91,True,正常
P193600,2016-07-20,2016-10-20,晚交货,货品2,拒货,华东,1.0,70.73,7,晚交货,华东,货品2,92,False,正常
P193601,2016-08-25,2016-10-25,按时交货,货品2,质量合格,华东,1.0,1635.62,8,按时交货,华东,货品2,61,True,正常
P193601,2016-08-25,2016-10-25,按时交货,货品2,质量合格,华东,5.0,73.03,8,按时交货,华东,货品2,61,True,正常
P193603,2016-08-20,2016-11-20,按时交货,货品2,质量合格,华东,4.0,78.72,8,按时交货,华东,货品2,92,True,正常
P193603,2016-08-20,2016-11-20,按时交货,货品2,质量合格,华东,4.0,78.72,8,按时交货,华东,货品2,92,True,正常
P193605,2016-08-15,2016-11-15,按时交货,货品2,质量合格,华东,4.0,78.72,8,按时交货,华东,货品2,92,True,正常
P193605,2016-08-15,2016-11-15,按时交货,货品2,质量合格,华东,4.0,78.72,8,按时交货,华东,货品2,92,True,正常
P193621,2016-07-30,2016-9-30,按时交货,货品5,质量合格,泰国,500.0,378.75,7,按时交货,泰国,货品5,62,True,正常
P193623,2016-07-30,2016-9-30,按时交货,货品6,质量合格,马来西亚,7.0,56.88,7,按时交货,马来西亚,货品6,62,True,正常
P193626,2016-07-30,2016-9-30,晚交货,货品4,返修,西北,350.0,473.8,7,晚交货,西北,货品4,62,False,正常
P193626,2016-07-30,2016-9-30,晚交货,货品4,返修,西北,40.0,7.29,7,晚交货,西北,货品4,62,False,正常
P193655,2016-07-30,2016-9-30,按时交货,货品6,质量合格,马来西亚,294.0,732.98,7,按时交货,马来西亚,货品6,62,True,正常
P193655,2016-07-30,2016-9-30,按时交货,货品6,质量合格,马来西亚,276.0,514.51,7,按时交货,马来西亚,货品6,62,True,正常
P193657,2016-07-30,2016-9-30,按时交货,货品2,拒货,华东,5.0,20.83,7,按时交货,华东,货品2,62,True,正常
P193657,2016-07-30,2016-9-30,按时交货,货品2,拒货,华东,30.0,50.76,7,按时交货,华东,货品2,62,True,正常
P193678,2016-08-20,2016-11-20,按时交货,货品2,质量合格,华东,4.0,19.8,8,按时交货,华东,货品2,92,True,正常
P193678,2016-08-20,2016-11-20,按时交货,货品2,质量合格,华东,4.0,19.8,8,按时交货,华东,货品2,92,True,正常
P193716,2016-10-30,2016-12-30,按时交货,货品2,质量合格,华东,1.0,693.39,10,按时交货,华东,货品2,61,True,正常
P193749,2016-07-30,2016-9-30,按时交货,货品5,质量合格,泰国,1.0,141.63,7,按时交货,泰国,货品5,62,True,正常
P193787,2016-07-30,2016-9-30,按时交货,货品6,质量合格,马来西亚,1.0,35.03,7,按时交货,马来西亚,货品6,62,True,正常
P193787,2016-07-30,2016-9-30,按时交货,货品6,质量合格,马来西亚,1.0,35.03,7,按时交货,马来西亚,货品6,62,True,正常
P193848,2016-08-06,2016-11-6,按时交货,货品1,返修,华北,704.0,2846.73,8,按时交货,华北,货品1,92,True,正常
P193848,2016-08-06,2016-11-6,按时交货,货品1,返修,华北,704.0,2654.18,8,按时交货,华北,货品1,92,True,正常
P193866,2016-11-15,2017-2-15,按时交货,货品6,质量合格,马来西亚,200.0,697.82,11,按时交货,马来西亚,货品6,92,True,正常
P193866,2016-11-15,2017-2-15,按时交货,货品6,质量合格,马来西亚,110.0,326.14,11,按时交货,马来西亚,货品6,92,True,正常
P193877,2016-09-15,2016-12-15,按时交货,货品1,返修,华北,704.0,2846.73,9,按时交货,华北,货品1,91,True,正常
P193877,2016-09-15,2016-12-15,按时交货,货品1,返修,华北,704.0,2654.18,9,按时交货,华北,货品1,91,True,正常
P194443,2016-10-10,2017-1-10,按时交货,货品1,返修,华北,1.0,13014.26,10,按时交货,华北,货品1,92,True,正常
P194443,2016-10-10,2017-1-10,按时交货,货品1,返修,华北,1.0,10546.64,10,按时交货,华北,货品1,92,True,正常
P194452,2016-07-29,2016-9-29,按时交货,货品6,质量合格,马来西亚,2.0,61.9,7,按时交货,马来西亚,货品6,62,True,正常
P194453,2016-07-15,2016-10-15,按时交货,货品6,质量合格,马来西亚,5.0,90.48,7,按时交货,马来西亚,货品6,92,True,正常
P194577,2016-09-15,2016-12-15,按时交货,货品2,质量合格,华东,2.0,121.73,9,按时交货,华东,货品2,91,True,正常
P194579,2016-08-15,2016-11-15,按时交货,货品2,质量合格,华东,2.0,121.73,8,按时交货,华东,货品2,92,True,正常
P194590,2016-07-30,2016-9-30,按时交货,货品6,质量合格,马来西亚,500.0,46.33,7,按时交货,马来西亚,货品6,62,True,正常
P194657,2016-07-29,2016-9-29,按时交货,货品6,质量合格,马来西亚,2.0,1.82,7,按时交货,马来西亚,货品6,62,True,正常
P194689,2016-07-30,2016-9-30,按时交货,货品2,质量合格,华东,1.0,289.1,7,按时交货,华东,货品2,62,True,正常
P194756,2016-08-15,2016-11-15,按时交货,货品2,返修,华东,15.0,97.54,8,按时交货,华东,货品2,92,True,正常
P194756,2016-08-15,2016-11-15,按时交货,货品2,返修,华东,2.0,4.38,8,按时交货,华东,货品2,92,True,正常
P194764,2016-07-15,2016-10-15,按时交货,货品3,质量合格,华北,1.0,408.53,7,按时交货,华北,货品3,92,True,正常
P195344,2016-07-15,2016-10-15,晚交货,货品4,返修,西北,12.0,658.68,7,晚交货,西北,货品4,92,False,正常
P195347,2016-07-01,2016-10-1,按时交货,货品2,质量合格,华东,2.0,5.18,7,按时交货,华东,货品2,92,True,正常
P195347,2016-07-01,2016-10-1,按时交货,货品2,质量合格,华东,2.0,5.63,7,按时交货,华东,货品2,92,True,正常
P195354,2016-07-15,2016-10-15,按时交货,货品6,质量合格,马来西亚,2.0,24.73,7,按时交货,马来西亚,货品6,92,True,正常
P195356,2016-07-30,2016-9-30,按时交货,货品5,返修,泰国,4.0,51.7,7,按时交货,泰国,货品5,62,True,正常
P195356,2016-07-30,2016-9-30,按时交货,货品5,返修,泰国,4.0,51.7,7,按时交货,泰国,货品5,62,True,正常
P195359,2016-12-15,2017-3-15,按时交货,货品1,返修,华北,1.0,16758.17,12,按时交货,华北,货品1,90,True,正常
P195359,2016-11-22,2017-2-22,晚交货,货品1,返修,华北,1.0,16758.17,11,晚交货,华北,货品1,92,False,正常
P195471,2016-07-30,2016-9-30,按时交货,货品3,质量合格,华北,1.0,7.8,7,按时交货,华北,货品3,62,True,正常
P195517,2016-07-30,2016-9-30,按时交货,货品2,拒货,华东,12.0,54.81,7,按时交货,华东,货品2,62,True,正常
P195517,2016-07-30,2016-9-30,按时交货,货品2,拒货,华东,1.0,15.99,7,按时交货,华东,货品2,62,True,正常
P195537,2016-08-10,2016-11-10,按时交货,货品6,质量合格,马来西亚,1.0,1009.93,8,按时交货,马来西亚,货品6,92,True,正常
P197569,2016-07-15,2016-10-15,按时交货,货品3,质量合格,华北,1.0,38.73,7,按时交货,华北,货品3,92,True,正常
P197573,2016-09-09,2016-12-9,按时交货,货品2,返修,华东,200.0,36.89,9,按时交货,华东,货品2,91,True,正常
P197573,2016-09-09,2016-12-9,按时交货,货品2,返修,华东,200.0,73.05,9,按时交货,华东,货品2,91,True,正常
P197578,2016-07-30,2016-9-30,按时交货,货品6,质量合格,马来西亚,2.0,10.55,7,按时交货,马来西亚,货品6,62,True,正常
P197578,2016-07-30,2016-9-30,按时交货,货品6,质量合格,马来西亚,1.0,8.47,7,按时交货,马来西亚,货品6,62,True,正常
P197591,2016-07-07,2016-10-7,按时交货,货品2,质量合格,华东,1.0,9.9,7,按时交货,华东,货品2,92,True,正常
P197591,2016-07-07,2016-10-7,按时交货,货品2,质量合格,华东,10.0,44.3,7,按时交货,华东,货品2,92,True,正常
P197594,2016-07-30,2016-9-30,按时交货,货品2,质量合格,华东,60.0,45.34,7,按时交货,华东,货品2,62,True,正常
P197642,2016-11-10,2017-2-10,按时交货,货品2,质量合格,华东,2.0,570.76,11,按时交货,华东,货品2,92,True,正常
P197642,2016-10-09,2017-1-9,按时交货,货品2,质量合格,华东,2.0,570.76,10,按时交货,华东,货品2,92,True,正常
P197650,2016-08-30,2016-10-30,按时交货,货品2,质量合格,华东,268.0,20.35,8,按时交货,华东,货品2,61,True,正常
P197650,2016-08-30,2016-10-30,按时交货,货品2,质量合格,华东,268.0,20.35,8,按时交货,华东,货品2,61,True,正常
P197654,2016-07-30,2016-9-30,按时交货,货品3,拒货,华北,1.0,73.52,7,按时交货,华北,货品3,62,True,正常
P197656,2016-07-30,2016-9-30,按时交货,货品3,质量合格,华北,1.0,235.17,7,按时交货,华北,货品3,62,True,正常
P197683,2016-07-30,2016-9-30,按时交货,货品3,拒货,华北,1.0,75.92,7,按时交货,华北,货品3,62,True,正常
P197684,2016-09-15,2016-12-15,按时交货,货品2,质量合格,华东,1.0,512.46,9,按时交货,华东,货品2,91,True,正常
P197684,2016-09-15,2016-12-15,按时交货,货品2,质量合格,华东,1.0,512.46,9,按时交货,华东,货品2,91,True,正常
P197694,2016-09-20,2016-12-20,按时交货,货品2,拒货,华东,4.0,59.83,9,按时交货,华东,货品2,91,True,正常
P197834,2016-11-14,2017-2-14,按时交货,货品1,返修,华北,1.0,3921.26,11,按时交货,华北,货品1,92,True,正常
P198593,2016-10-30,2016-12-30,按时交货,货品2,返修,华东,8600.0,3012.88,10,按时交货,华东,货品2,61,True,正常
P198593,2016-10-30,2016-12-30,按时交货,货品2,返修,华东,4400.0,1541.47,10,按时交货,华东,货品2,61,True,正常
P198615,2016-07-19,2016-10-19,按时交货,货品3,质量合格,华北,300.0,280.5,7,按时交货,华北,货品3,92,True,正常
P198692,2016-10-26,2016-12-26,按时交货,货品5,质量合格,泰国,1.0,226.84,10,按时交货,泰国,货品5,61,True,正常
P198931,2016-09-30,2016-11-30,按时交货,货品3,质量合格,华北,1.0,1491.15,9,按时交货,华北,货品3,61,True,正常
P198931,2016-09-30,2016-11-30,按时交货,货品3,质量合格,华北,1.0,1491.15,9,按时交货,华北,货品3,61,True,正常
P199483,2016-08-30,2016-10-30,按时交货,货品3,质量合格,华北,3.0,31.17,8,按时交货,华北,货品3,61,True,正常
P199534,2016-11-15,2017-2-15,按时交货,货品2,质量合格,华东,2.0,1489.11,11,按时交货,华东,货品2,92,True,正常
P199534,2016-11-15,2017-2-15,按时交货,货品2,质量合格,华东,2.0,1489.11,11,按时交货,华东,货品2,92,True,正常
P199591,2016-08-20,2016-11-20,按时交货,货品3,质量合格,华北,6.0,3.92,8,按时交货,华北,货品3,92,True,正常
P199660,2016-08-31,2016-10-31,按时交货,货品5,质量合格,泰国,1.0,296.3,8,按时交货,泰国,货品5,61,True,正常
P199757,2016-07-15,2016-10-15,按时交货,货品2,质量合格,华东,1.0,38.33,7,按时交货,华东,货品2,92,True,正常
P200357,2016-08-15,2016-11-15,晚交货,货品4,返修,西北,20.0,592.18,8,晚交货,西北,货品4,92,False,正常
P200365,2016-07-15,2016-10-15,按时交货,货品6,质量合格,马来西亚,1.0,7.27,7,按时交货,马来西亚,货品6,92,True,正常
P200365,2016-07-15,2016-10-15,按时交货,货品6,质量合格,马来西亚,20.0,66.96,7,按时交货,马来西亚,货品6,92,True,正常
P200397,2016-07-15,2016-10-15,按时交货,货品5,质量合格,泰国,4.0,129.78,7,按时交货,泰国,货品5,92,True,正常
P200404,2016-07-15,2016-10-15,按时交货,货品6,质量合格,马来西亚,5.0,71.38,7,按时交货,马来西亚,货品6,92,True,正常
P200407,2016-08-31,2016-10-31,按时交货,货品6,质量合格,马来西亚,7.0,1.82,8,按时交货,马来西亚,货品6,61,True,正常
P200407,2016-08-31,2016-10-31,按时交货,货品6,质量合格,马来西亚,7.0,8.05,8,按时交货,马来西亚,货品6,61,True,正常
P200634,2016-07-30,2016-9-30,按时交货,货品5,质量合格,泰国,34.0,100.72,7,按时交货,泰国,货品5,62,True,正常
P200634,2016-07-30,2016-9-30,按时交货,货品5,质量合格,泰国,16.0,87.46,7,按时交货,泰国,货品5,62,True,正常
P200704,2016-07-25,2016-9-25,按时交货,货品2,返修,华东,1.0,3114.67,7,按时交货,华东,货品2,62,True,正常
P200704,2016-07-25,2016-9-25,按时交货,货品2,返修,华东,1.0,648.89,7,按时交货,华东,货品2,62,True,正常
P201337,2016-07-30,2016-9-30,按时交货,货品2,质量合格,华东,1.0,246.4,7,按时交货,华东,货品2,62,True,正常
P201354,2016-07-30,2016-9-30,按时交货,货品2,质量合格,华东,1.0,596.55,7,按时交货,华东,货品2,62,True,正常
P201413,2016-07-30,2016-9-30,按时交货,货品2,拒货,华东,150.0,64.21,7,按时交货,华东,货品2,62,True,正常
P201413,2016-07-30,2016-9-30,按时交货,货品2,拒货,华东,20.0,21.79,7,按时交货,华东,货品2,62,True,正常
P201855,2016-08-30,2016-10-30,按时交货,货品5,质量合格,泰国,1.0,125.18,8,按时交货,泰国,货品5,61,True,正常
P202374,2016-08-31,2016-10-31,按时交货,货品6,质量合格,马来西亚,1.0,7.39,8,按时交货,马来西亚,货品6,61,True,正常
P202430,2016-08-30,2016-10-30,按时交货,货品5,质量合格,泰国,1.0,204.86,8,按时交货,泰国,货品5,61,True,正常
P203009,2016-10-20,2017-1-20,按时交货,货品3,质量合格,华北,1.0,683.73,10,按时交货,华北,货品3,92,True,正常
P203009,2016-10-20,2017-1-20,按时交货,货品3,质量合格,华北,1.0,683.73,10,按时交货,华北,货品3,92,True,正常
P203021,2016-11-09,2017-2-9,按时交货,货品2,质量合格,华东,1.0,922.07,11,按时交货,华东,货品2,92,True,正常
P203021,2016-11-09,2017-2-9,按时交货,货品2,质量合格,华东,1.0,655.81,11,按时交货,华东,货品2,92,True,正常
P203031,2016-08-15,2016-11-15,按时交货,货品6,质量合格,马来西亚,1.0,51.95,8,按时交货,马来西亚,货品6,92,True,正常
P203034,2016-07-15,2016-10-15,晚交货,货品4,返修,西北,1.0,474.0,7,晚交货,西北,货品4,92,False,正常
P203037,2016-10-30,2016-12-30,按时交货,货品3,质量合格,华北,1.0,439.07,10,按时交货,华北,货品3,61,True,正常
P203037,2016-10-30,2016-12-30,按时交货,货品3,质量合格,华北,1.0,439.07,10,按时交货,华北,货品3,61,True,正常
P203052,2016-07-15,2016-10-15,按时交货,货品6,质量合格,马来西亚,1.0,29.87,7,按时交货,马来西亚,货品6,92,True,正常
P203058,2016-07-30,2016-9-30,按时交货,货品2,质量合格,华东,1.0,20.52,7,按时交货,华东,货品2,62,True,正常
P203180,2016-10-01,2016-11-30,按时交货,货品2,拒货,华东,4.0,32.54,10,按时交货,华东,货品2,60,True,正常
P203180,2016-10-01,2016-11-30,按时交货,货品2,拒货,华东,4.0,32.54,10,按时交货,华东,货品2,60,True,正常
P203189,2016-07-15,2016-10-15,按时交货,货品2,拒货,华东,3.0,58.44,7,按时交货,华东,货品2,92,True,正常
P203379,2016-12-30,2017-2-28,按时交货,货品2,质量合格,华东,6.0,680.71,12,按时交货,华东,货品2,60,True,正常
P203379,2016-12-30,2017-2-28,按时交货,货品2,质量合格,华东,6.0,680.71,12,按时交货,华东,货品2,60,True,正常
P203918,2016-09-15,2016-12-15,按时交货,货品5,返修,泰国,1.0,91.97,9,按时交货,泰国,货品5,91,True,正常
P203918,2016-09-09,2016-12-9,按时交货,货品5,返修,泰国,1.0,12.16,9,按时交货,泰国,货品5,91,True,正常
P203964,2016-08-25,2016-10-25,按时交货,货品3,质量合格,华北,2.0,280.64,8,按时交货,华北,货品3,61,True,正常
P203964,2016-08-25,2016-10-25,按时交货,货品3,质量合格,华北,4.0,710.86,8,按时交货,华北,货品3,61,True,正常
P203993,2016-07-30,2016-9-30,按时交货,货品3,质量合格,华北,1.0,6.24,7,按时交货,华北,货品3,62,True,正常
P204153,2016-07-30,2016-9-30,按时交货,货品3,质量合格,华北,1.0,18.06,7,按时交货,华北,货品3,62,True,正常
P204690,2016-09-30,2016-11-30,按时交货,货品5,质量合格,泰国,1.0,197.28,9,按时交货,泰国,货品5,61,True,正常
P204690,2016-09-30,2016-11-30,按时交货,货品5,质量合格,泰国,1.0,197.28,9,按时交货,泰国,货品5,61,True,正常
P204697,2016-07-15,2016-10-15,按时交货,货品2,拒货,华东,1.0,75.61,7,按时交货,华东,货品2,92,True,正常
P204855,2016-07-30,2016-9-30,按时交货,货品6,质量合格,马来西亚,1.0,44.17,7,按时交货,马来西亚,货品6,62,True,正常
P204891,2016-07-30,2016-9-30,按时交货,货品2,质量合格,华东,1.0,121.43,7,按时交货,华东,货品2,62,True,正常
P204932,2016-07-30,2016-9-30,按时交货,货品6,质量合格,马来西亚,1.0,88.45,7,按时交货,马来西亚,货品6,62,True,正常
P205318,2016-07-15,2016-10-15,按时交货,货品5,质量合格,泰国,1.0,203.06,7,按时交货,泰国,货品5,92,True,正常
P205385,2016-07-15,2016-10-15,按时交货,货品6,质量合格,马来西亚,1.0,1322.31,7,按时交货,马来西亚,货品6,92,True,正常
P205385,2016-07-15,2016-10-15,按时交货,货品6,质量合格,马来西亚,1.0,121.59,7,按时交货,马来西亚,货品6,92,True,正常
P205510,2016-09-15,2016-12-15,按时交货,货品3,质量合格,华北,56.0,177.54,9,按时交货,华北,货品3,91,True,正常
P205550,2016-07-15,2016-10-15,按时交货,货品3,质量合格,华北,20.0,38.71,7,按时交货,华北,货品3,92,True,正常
P205550,2016-07-15,2016-10-15,按时交货,货品3,质量合格,华北,2.0,6.45,7,按时交货,华北,货品3,92,True,正常
P205554,2016-08-25,2016-10-25,按时交货,货品3,质量合格,华北,1.0,45.16,8,按时交货,华北,货品3,61,True,正常
P205661,2016-08-25,2016-10-25,按时交货,货品3,质量合格,华北,1.0,1126.3,8,按时交货,华北,货品3,61,True,正常
P206306,2016-08-30,2016-10-30,按时交货,货品5,质量合格,泰国,4.0,149.14,8,按时交货,泰国,货品5,61,True,正常
P206310,2016-08-31,2016-10-31,按时交货,货品6,质量合格,马来西亚,1.0,48.86,8,按时交货,马来西亚,货品6,61,True,正常
P206328,2016-08-31,2016-10-31,按时交货,货品6,质量合格,马来西亚,2.0,33.43,8,按时交货,马来西亚,货品6,61,True,正常
P206342,2016-09-15,2016-12-15,按时交货,货品2,质量合格,华东,1.0,36.94,9,按时交货,华东,货品2,91,True,正常
P206382,2016-08-31,2016-10-31,按时交货,货品6,质量合格,马来西亚,2.0,18.05,8,按时交货,马来西亚,货品6,61,True,正常
P206382,2016-08-31,2016-10-31,按时交货,货品6,质量合格,马来西亚,50.0,76.4,8,按时交货,马来西亚,货品6,61,True,正常
P206408,2016-08-31,2016-10-31,按时交货,货品6,质量合格,马来西亚,3.0,61.0,8,按时交货,马来西亚,货品6,61,True,正常
P206458,2016-07-15,2016-10-15,按时交货,货品6,质量合格,马来西亚,10.0,3.01,7,按时交货,马来西亚,货品6,92,True,正常
P206458,2016-07-15,2016-10-15,按时交货,货品6,质量合格,马来西亚,10.0,3.01,7,按时交货,马来西亚,货品6,92,True,正常
P206613,2016-07-04,2016-10-4,按时交货,货品2,质量合格,华东,1.0,65.74,7,按时交货,华东,货品2,92,True,正常
P206613,2016-07-04,2016-10-4,按时交货,货品2,质量合格,华东,1.0,156.06,7,按时交货,华东,货品2,92,True,正常
P207215,2016-07-20,2016-10-20,按时交货,货品2,拒货,华东,1.0,0.78,7,按时交货,华东,货品2,92,True,正常
P207215,2016-07-20,2016-10-20,按时交货,货品2,拒货,华东,1.0,1.28,7,按时交货,华东,货品2,92,True,正常
P207476,2016-08-31,2016-10-31,按时交货,货品3,质量合格,华北,1.0,1557.05,8,按时交货,华北,货品3,61,True,正常
P207490,2016-07-15,2016-10-15,按时交货,货品3,质量合格,华北,1.0,170.42,7,按时交货,华北,货品3,92,True,正常
P207501,2016-07-15,2016-10-15,按时交货,货品3,返修,华北,1.0,111.69,7,按时交货,华北,货品3,92,True,正常
P207550,2016-07-22,2016-10-22,按时交货,货品2,质量合格,华东,10.0,385.74,7,按时交货,华东,货品2,92,True,正常
P207772,2016-08-30,2016-10-30,按时交货,货品6,质量合格,马来西亚,16.0,1211.04,8,按时交货,马来西亚,货品6,61,True,正常
P207780,2016-08-30,2016-10-30,按时交货,货品6,质量合格,马来西亚,9.0,37.61,8,按时交货,马来西亚,货品6,61,True,正常
P208171,2016-07-15,2016-10-15,按时交货,货品6,质量合格,马来西亚,1.0,3.09,7,按时交货,马来西亚,货品6,92,True,正常
P208171,2016-07-15,2016-10-15,按时交货,货品6,质量合格,马来西亚,1.0,5.79,7,按时交货,马来西亚,货品6,92,True,正常
P208198,2016-07-15,2016-10-15,按时交货,货品3,质量合格,华北,1.0,45.16,7,按时交货,华北,货品3,92,True,正常
P208368,2016-07-11,2016-10-11,按时交货,货品3,质量合格,华北,15.0,134.5,7,按时交货,华北,货品3,92,True,正常
P208443,2016-08-31,2016-10-31,按时交货,货品6,质量合格,马来西亚,2.0,63.0,8,按时交货,马来西亚,货品6,61,True,正常
P208470,2016-08-30,2016-10-30,按时交货,货品5,返修,泰国,1.0,102.92,8,按时交货,泰国,货品5,61,True,正常
P208503,2016-09-30,2016-11-30,按时交货,货品3,质量合格,华北,1.0,832.38,9,按时交货,华北,货品3,61,True,正常
P208503,2016-09-30,2016-11-30,按时交货,货品3,质量合格,华北,1.0,832.38,9,按时交货,华北,货品3,61,True,正常
P209015,2016-07-15,2016-10-15,按时交货,货品3,返修,华北,1.0,75.27,7,按时交货,华北,货品3,92,True,正常
P209015,2016-07-15,2016-10-15,按时交货,货品3,返修,华北,1.0,38.88,7,按时交货,华北,货品3,92,True,正常
P209060,2016-07-15,2016-10-15,按时交货,货品6,质量合格,马来西亚,200.0,30.89,7,按时交货,马来西亚,货品6,92,True,正常
P209099,2016-11-10,2017-2-10,按时交货,货品2,返修,华东,1.0,3208.48,11,按时交货,华东,货品2,92,True,正常
P209099,2016-11-10,2017-2-10,按时交货,货品2,返修,华东,1.0,2797.7,11,按时交货,华东,货品2,92,True,正常
P209100,2016-10-30,2016-12-30,按时交货,货品2,质量合格,华东,1.0,435.03,10,按时交货,华东,货品2,61,True,正常
P209100,2016-10-30,2016-12-30,按时交货,货品2,质量合格,华东,1.0,2797.7,10,按时交货,华东,货品2,61,True,正常
P209104,2016-07-14,2016-10-14,按时交货,货品3,质量合格,华北,16.5,44.56,7,按时交货,华北,货品3,92,True,正常
P209210,2016-10-30,2016-12-30,按时交货,货品6,质量合格,马来西亚,1.0,978.45,10,按时交货,马来西亚,货品6,61,True,正常
P209210,2016-10-30,2016-12-30,按时交货,货品6,质量合格,马来西亚,1.0,978.45,10,按时交货,马来西亚,货品6,61,True,正常
P209277,2016-10-01,2016-11-30,晚交货,货品4,返修,西北,1.0,234.83,10,晚交货,西北,货品4,60,False,正常
P209277,2016-10-01,2016-11-30,晚交货,货品4,返修,西北,1.0,234.83,10,晚交货,西北,货品4,60,False,正常
P209299,2016-07-15,2016-10-15,按时交货,货品6,质量合格,马来西亚,1.0,27.1,7,按时交货,马来西亚,货品6,92,True,正常
P209301,2016-08-31,2016-10-31,按时交货,货品5,质量合格,泰国,15.0,144.84,8,按时交货,泰国,货品5,61,True,正常
P209322,2016-10-01,2016-11-30,按时交货,货品5,质量合格,泰国,1.0,98.02,10,按时交货,泰国,货品5,60,True,正常
P209322,2016-10-01,2016-11-30,按时交货,货品5,质量合格,泰国,1.0,98.02,10,按时交货,泰国,货品5,60,True,正常
P209922,2016-07-20,2016-10-20,按时交货,货品2,质量合格,华东,1.0,256.84,7,按时交货,华东,货品2,92,True,正常
P209926,2016-10-12,2017-1-12,按时交货,货品6,质量合格,马来西亚,920.0,699.81,10,按时交货,马来西亚,货品6,92,True,正常
P209926,2016-10-12,2017-1-12,按时交货,货品6,质量合格,马来西亚,920.0,685.34,10,按时交货,马来西亚,货品6,92,True,正常
P209971,2016-08-07,2016-11-7,按时交货,货品3,质量合格,华北,2.0,43.66,8,按时交货,华北,货品3,92,True,正常
P210191,2016-08-31,2016-10-31,按时交货,货品2,质量合格,华东,1.0,233.86,8,按时交货,华东,货品2,61,True,正常
P210746,2016-07-15,2016-10-15,按时交货,货品2,拒货,华东,5.0,76.95,7,按时交货,华东,货品2,92,True,正常
P210782,2016-08-15,2016-11-15,按时交货,货品6,质量合格,马来西亚,200.0,47.72,8,按时交货,马来西亚,货品6,92,True,正常
P210793,2016-11-15,2017-2-15,按时交货,货品2,质量合格,华东,4.0,1119.84,11,按时交货,华东,货品2,92,True,正常
P210795,2016-08-31,2016-10-31,按时交货,货品5,质量合格,泰国,4.0,128.25,8,按时交货,泰国,货品5,61,True,正常
P210854,2016-08-31,2016-10-31,晚交货,货品4,返修,西北,2.0,404.51,8,晚交货,西北,货品4,61,False,正常
P210854,2016-08-31,2016-10-31,晚交货,货品4,返修,西北,2.0,404.51,8,晚交货,西北,货品4,61,False,正常
P210856,2016-08-31,2016-10-31,按时交货,货品5,质量合格,泰国,1.0,67.97,8,按时交货,泰国,货品5,61,True,正常
P210856,2016-08-31,2016-10-31,按时交货,货品5,质量合格,泰国,1.0,67.97,8,按时交货,泰国,货品5,61,True,正常
P210870,2016-08-31,2016-10-31,按时交货,货品5,质量合格,泰国,500.0,222.22,8,按时交货,泰国,货品5,61,True,正常
P210882,2016-08-31,2016-10-31,晚交货,货品4,返修,西北,400.0,533.52,8,晚交货,西北,货品4,61,False,正常
P210882,2016-08-31,2016-10-31,晚交货,货品4,返修,西北,100.0,17.95,8,晚交货,西北,货品4,61,False,正常
P210915,2016-08-31,2016-10-31,按时交货,货品6,质量合格,马来西亚,20.0,61.56,8,按时交货,马来西亚,货品6,61,True,正常
P210922,2016-07-11,2016-10-11,按时交货,货品6,质量合格,马来西亚,1.0,12.45,7,按时交货,马来西亚,货品6,92,True,正常
P210959,2016-07-15,2016-10-15,按时交货,货品6,质量合格,马来西亚,7.0,90.03,7,按时交货,马来西亚,货品6,92,True,正常
P210993,2016-08-31,2016-10-31,晚交货,货品4,返修,西北,150.0,52.71,8,晚交货,西北,货品4,61,False,正常
P210993,2016-08-31,2016-10-31,晚交货,货品4,返修,西北,500.0,373.17,8,晚交货,西北,货品4,61,False,正常
P211477,2016-07-15,2016-10-15,按时交货,货品2,质量合格,华东,1.0,335.64,7,按时交货,华东,货品2,92,True,正常
P211477,2016-07-15,2016-10-15,按时交货,货品2,质量合格,华东,1.0,322.18,7,按时交货,华东,货品2,92,True,正常
P211539,2016-08-20,2016-11-20,按时交货,货品3,质量合格,华北,848.0,803.4,8,按时交货,华北,货品3,92,True,正常
P211539,2016-08-20,2016-11-20,按时交货,货品3,质量合格,华北,2.0,21.18,8,按时交货,华北,货品3,92,True,正常
P211662,2016-08-30,2016-10-30,按时交货,货品5,质量合格,泰国,1.0,293.71,8,按时交货,泰国,货品5,61,True,正常
P211679,2016-10-01,2016-11-30,按时交货,货品3,质量合格,华北,1.0,263.75,10,按时交货,华北,货品3,60,True,正常
P211679,2016-10-01,2016-11-30,按时交货,货品3,质量合格,华北,1.0,263.75,10,按时交货,华北,货品3,60,True,正常
P212306,2016-10-01,2016-11-30,按时交货,货品6,质量合格,马来西亚,1.0,29.4,10,按时交货,马来西亚,货品6,60,True,正常
P212306,2016-10-01,2016-11-30,按时交货,货品6,质量合格,马来西亚,1.0,12.78,10,按时交货,马来西亚,货品6,60,True,正常
P212315,2016-10-01,2016-11-30,按时交货,货品6,质量合格,马来西亚,1.0,6.92,10,按时交货,马来西亚,货品6,60,True,正常
P212315,2016-10-01,2016-11-30,按时交货,货品6,质量合格,马来西亚,1.0,6.92,10,按时交货,马来西亚,货品6,60,True,正常
P212349,2016-08-31,2016-10-31,按时交货,货品5,返修,泰国,1.0,105.79,8,按时交货,泰国,货品5,61,True,正常
P212360,2016-07-20,2016-10-20,晚交货,货品2,质量合格,华东,1.0,159.77,7,晚交货,华东,货品2,92,False,正常
P212380,2016-08-31,2016-10-31,按时交货,货品6,质量合格,马来西亚,1.0,28.86,8,按时交货,马来西亚,货品6,61,True,正常
P212380,2016-08-31,2016-10-31,按时交货,货品6,拒货,马来西亚,1.0,28.86,8,按时交货,马来西亚,货品6,61,True,正常
P212382,2016-10-25,2016-12-25,按时交货,货品3,质量合格,华北,12.0,453.22,10,按时交货,华北,货品3,61,True,正常
P212382,2016-10-25,2016-12-25,按时交货,货品3,质量合格,华北,12.0,204.91,10,按时交货,华北,货品3,61,True,正常
P212400,2016-08-29,2016-10-29,按时交货,货品6,质量合格,马来西亚,1.0,31.95,8,按时交货,马来西亚,货品6,61,True,正常
P212400,2016-08-29,2016-10-29,按时交货,货品6,质量合格,马来西亚,1.0,3.32,8,按时交货,马来西亚,货品6,61,True,正常
P212422,2016-08-31,2016-10-31,按时交货,货品5,拒货,泰国,5.0,30.91,8,按时交货,泰国,货品5,61,True,正常
P212422,2016-08-31,2016-10-31,按时交货,货品5,拒货,泰国,10.0,64.15,8,按时交货,泰国,货品5,61,True,正常
P212486,2016-08-29,2016-10-29,按时交货,货品3,质量合格,华北,1.0,19.81,8,按时交货,华北,货品3,61,True,正常
P212493,2016-08-31,2016-10-31,按时交货,货品6,质量合格,马来西亚,1.0,24.13,8,按时交货,马来西亚,货品6,61,True,正常
P212505,2016-08-29,2016-10-29,按时交货,货品3,质量合格,华北,12.0,7.9,8,按时交货,华北,货品3,61,True,正常
P212539,2016-09-15,2016-12-15,按时交货,货品6,拒货,马来西亚,2.0,12.53,9,按时交货,马来西亚,货品6,91,True,正常
P212539,2016-09-15,2016-12-15,按时交货,货品6,拒货,马来西亚,2.0,51.64,9,按时交货,马来西亚,货品6,91,True,正常
P212589,2016-07-20,2016-10-20,按时交货,货品2,质量合格,华东,28.0,5.03,7,按时交货,华东,货品2,92,True,正常
P213151,2016-08-31,2016-10-31,按时交货,货品5,返修,泰国,1.0,101.91,8,按时交货,泰国,货品5,61,True,正常
P213155,2016-08-31,2016-10-31,按时交货,货品6,质量合格,马来西亚,4.0,31.42,8,按时交货,马来西亚,货品6,61,True,正常
P213214,2016-08-31,2016-10-31,按时交货,货品6,质量合格,马来西亚,1.0,1301.87,8,按时交货,马来西亚,货品6,61,True,正常
P213256,2016-08-31,2016-10-31,按时交货,货品6,拒货,马来西亚,1.0,69.68,8,按时交货,马来西亚,货品6,61,True,正常
P213310,2016-08-15,2016-11-15,按时交货,货品6,质量合格,马来西亚,3.0,34.79,8,按时交货,马来西亚,货品6,92,True,正常
P213332,2016-08-15,2016-11-15,按时交货,货品5,质量合格,泰国,1.0,187.05,8,按时交货,泰国,货品5,92,True,正常
P213332,2016-08-15,2016-11-15,按时交货,货品5,质量合格,泰国,1.0,187.05,8,按时交货,泰国,货品5,92,True,正常
P213366,2016-08-29,2016-10-29,按时交货,货品2,质量合格,华东,14.0,15.4,8,按时交货,华东,货品2,61,True,正常
P213366,2016-08-29,2016-10-29,按时交货,货品2,质量合格,华东,15.0,35.47,8,按时交货,华东,货品2,61,True,正常
P213423,2016-10-15,2017-1-15,按时交货,货品2,返修,华东,5300.0,1832.04,10,按时交货,华东,货品2,92,True,正常
P213423,2016-10-15,2017-1-15,按时交货,货品2,返修,华东,9500.0,3283.85,10,按时交货,华东,货品2,92,True,正常
P213435,2016-08-29,2016-10-29,晚交货,货品4,返修,西北,1.0,486.01,8,晚交货,西北,货品4,61,False,正常
P214052,2016-08-31,2016-10-31,按时交货,货品6,质量合格,马来西亚,221.0,286.29,8,按时交货,马来西亚,货品6,61,True,正常
P214052,2016-08-31,2016-10-31,按时交货,货品6,质量合格,马来西亚,269.0,758.78,8,按时交货,马来西亚,货品6,61,True,正常
P214053,2016-08-31,2016-10-31,按时交货,货品5,拒货,泰国,1.0,94.86,8,按时交货,泰国,货品5,61,True,正常
P214054,2016-09-08,2016-12-8,按时交货,货品3,质量合格,华北,4.0,125.57,9,按时交货,华北,货品3,91,True,正常
P214160,2016-08-15,2016-11-15,按时交货,货品5,质量合格,泰国,2.0,47.86,8,按时交货,泰国,货品5,92,True,正常
P214160,2016-08-15,2016-11-15,按时交货,货品5,质量合格,泰国,2.0,478.62,8,按时交货,泰国,货品5,92,True,正常
P214343,2016-08-28,2016-10-28,按时交货,货品2,质量合格,华东,1.0,184.09,8,按时交货,华东,货品2,61,True,正常
P214830,2016-08-15,2016-11-15,按时交货,货品6,质量合格,马来西亚,1.0,547.75,8,按时交货,马来西亚,货品6,92,True,正常
P214830,2016-08-15,2016-11-15,按时交货,货品6,质量合格,马来西亚,1.0,572.66,8,按时交货,马来西亚,货品6,92,True,正常
P214836,2016-08-31,2016-10-31,按时交货,货品6,质量合格,马来西亚,30.0,49.91,8,按时交货,马来西亚,货品6,61,True,正常
P214838,2016-08-31,2016-10-31,按时交货,货品5,质量合格,泰国,10.0,210.78,8,按时交货,泰国,货品5,61,True,正常
P214842,2016-07-15,2016-10-15,按时交货,货品6,质量合格,马来西亚,1.0,1046.22,7,按时交货,马来西亚,货品6,92,True,正常
P214842,2016-07-15,2016-10-15,按时交货,货品6,质量合格,马来西亚,1.0,1046.22,7,按时交货,马来西亚,货品6,92,True,正常
P214862,2016-08-31,2016-10-31,按时交货,货品5,质量合格,泰国,2.0,267.68,8,按时交货,泰国,货品5,61,True,正常
P214867,2016-07-22,2016-10-22,按时交货,货品2,拒货,华东,1.0,55.51,7,按时交货,华东,货品2,92,True,正常
P214878,2016-08-31,2016-10-31,按时交货,货品6,质量合格,马来西亚,16.0,1403.13,8,按时交货,马来西亚,货品6,61,True,正常
P214886,2016-08-31,2016-10-31,按时交货,货品6,拒货,马来西亚,1.0,37.86,8,按时交货,马来西亚,货品6,61,True,正常
P214886,2016-08-31,2016-10-31,按时交货,货品6,拒货,马来西亚,1.0,40.05,8,按时交货,马来西亚,货品6,61,True,正常
P214903,2016-08-31,2016-10-31,按时交货,货品5,质量合格,泰国,1.0,67.26,8,按时交货,泰国,货品5,61,True,正常
P214903,2016-08-31,2016-10-31,按时交货,货品5,质量合格,泰国,1.0,56.8,8,按时交货,泰国,货品5,61,True,正常
P215027,2016-08-30,2016-10-30,晚交货,货品4,返修,西北,2.0,561.97,8,晚交货,西北,货品4,61,False,正常
P215079,2016-08-31,2016-10-31,按时交货,货品6,质量合格,马来西亚,1.0,52.31,8,按时交货,马来西亚,货品6,61,True,正常
P215110,2016-08-30,2016-10-30,按时交货,货品3,拒货,华北,1.0,63.28,8,按时交货,华北,货品3,61,True,正常
P215665,2016-07-18,2016-10-18,按时交货,货品6,质量合格,马来西亚,1.0,14.96,7,按时交货,马来西亚,货品6,92,True,正常
P215672,2016-08-31,2016-10-31,按时交货,货品6,质量合格,马来西亚,1.0,1047.13,8,按时交货,马来西亚,货品6,61,True,正常
P215713,2016-09-20,2016-12-20,晚交货,货品3,质量合格,华北,1.0,3412.98,9,晚交货,华北,货品3,91,False,正常
P215719,2016-10-30,2016-12-30,按时交货,货品3,返修,华北,1.0,3412.98,10,按时交货,华北,货品3,61,True,正常
P215813,2016-08-31,2016-10-31,按时交货,货品5,质量合格,泰国,4.0,161.94,8,按时交货,泰国,货品5,61,True,正常
P215813,2016-08-31,2016-10-31,按时交货,货品5,质量合格,泰国,4.0,161.94,8,按时交货,泰国,货品5,61,True,正常
P215866,2016-08-31,2016-10-31,按时交货,货品6,拒货,马来西亚,2.0,65.49,8,按时交货,马来西亚,货品6,61,True,正常
P215916,2016-08-31,2016-10-31,按时交货,货品5,质量合格,泰国,5.0,119.67,8,按时交货,泰国,货品5,61,True,正常
P216020,2016-08-26,2016-10-26,按时交货,货品2,返修,华东,1.0,3068.51,8,按时交货,华东,货品2,61,True,正常
P216020,2016-08-26,2016-10-26,按时交货,货品2,返修,华东,1.0,639.27,8,按时交货,华东,货品2,61,True,正常
P216522,2016-09-26,2016-11-26,按时交货,货品2,返修,华东,1.0,3066.05,9,按时交货,华东,货品2,61,True,正常
P216522,2016-09-26,2016-11-26,按时交货,货品2,返修,华东,1.0,638.76,9,按时交货,华东,货品2,61,True,正常
P216532,2016-09-18,2016-12-18,按时交货,货品2,返修,华东,20.0,30.71,9,按时交货,华东,货品2,91,True,正常
P216532,2016-09-18,2016-12-18,按时交货,货品1,返修,华北,1.0,3659.5,9,按时交货,华北,货品1,91,True,正常
P216538,2016-12-30,2017-2-28,按时交货,货品1,返修,华北,1.0,3659.5,12,按时交货,华北,货品1,60,True,正常
P216538,2016-12-30,2017-2-28,按时交货,货品2,返修,华东,30.0,46.07,12,按时交货,华东,货品2,60,True,正常
P216641,2016-08-28,2016-10-28,按时交货,货品3,质量合格,华北,1.0,39.15,8,按时交货,华北,货品3,61,True,正常
P216657,2016-08-31,2016-10-31,按时交货,货品2,质量合格,华东,2.0,10.19,8,按时交货,华东,货品2,61,True,正常
P216657,2016-08-31,2016-10-31,按时交货,货品2,质量合格,华东,1.0,5.1,8,按时交货,华东,货品2,61,True,正常
P216692,2016-08-31,2016-10-31,按时交货,货品6,质量合格,马来西亚,1.0,24.66,8,按时交货,马来西亚,货品6,61,True,正常
P216694,2016-10-26,2016-12-26,按时交货,货品3,质量合格,华北,1.0,388.37,10,按时交货,华北,货品3,61,True,正常
P216774,2016-08-15,2016-11-15,按时交货,货品6,拒货,马来西亚,1.0,80.78,8,按时交货,马来西亚,货品6,92,True,正常
P216790,2016-08-15,2016-11-15,按时交货,货品5,质量合格,泰国,2.0,53.81,8,按时交货,泰国,货品5,92,True,正常
P216790,2016-08-15,2016-11-15,按时交货,货品5,质量合格,泰国,3.0,80.71,8,按时交货,泰国,货品5,92,True,正常
P217325,2016-08-15,2016-11-15,按时交货,货品6,质量合格,马来西亚,1.0,123.57,8,按时交货,马来西亚,货品6,92,True,正常
P217325,2016-08-15,2016-11-15,按时交货,货品6,质量合格,马来西亚,1.0,74.05,8,按时交货,马来西亚,货品6,92,True,正常
P217328,2016-08-15,2016-11-15,按时交货,货品5,质量合格,泰国,2.0,248.34,8,按时交货,泰国,货品5,92,True,正常
P217344,2016-08-15,2016-11-15,按时交货,货品6,拒货,马来西亚,5.0,51.15,8,按时交货,马来西亚,货品6,92,True,正常
P217344,2016-08-15,2016-11-15,按时交货,货品6,拒货,马来西亚,2.0,20.46,8,按时交货,马来西亚,货品6,92,True,正常
P217351,2016-08-15,2016-11-15,按时交货,货品6,质量合格,马来西亚,2.0,14.32,8,按时交货,马来西亚,货品6,92,True,正常
P217351,2016-08-15,2016-11-15,按时交货,货品6,质量合格,马来西亚,1.0,21.1,8,按时交货,马来西亚,货品6,92,True,正常
P218106,2016-08-15,2016-11-15,按时交货,货品6,质量合格,马来西亚,1.0,11.23,8,按时交货,马来西亚,货品6,92,True,正常
P218106,2016-08-15,2016-11-15,按时交货,货品6,质量合格,马来西亚,1.0,11.23,8,按时交货,马来西亚,货品6,92,True,正常
P218108,2016-08-15,2016-11-15,按时交货,货品3,拒货,华北,1.0,96.54,8,按时交货,华北,货品3,92,True,正常
P218111,2016-08-15,2016-11-15,晚交货,货品4,返修,西北,1.0,336.74,8,晚交货,西北,货品4,92,False,正常
P218111,2016-08-15,2016-11-15,晚交货,货品4,返修,西北,2.0,562.72,8,晚交货,西北,货品4,92,False,正常
P218117,2016-10-01,2016-11-30,按时交货,货品6,质量合格,马来西亚,1.0,51.18,10,按时交货,马来西亚,货品6,60,True,正常
P218132,2016-08-15,2016-11-15,按时交货,货品3,质量合格,华北,1.0,302.85,8,按时交货,华北,货品3,92,True,正常
P218141,2016-11-18,2017-2-18,按时交货,货品3,质量合格,华北,1.0,198.8,11,按时交货,华北,货品3,92,True,正常
P218141,2016-11-18,2017-2-18,按时交货,货品3,质量合格,华北,1.0,23.81,11,按时交货,华北,货品3,92,True,正常
P218150,2016-11-21,2017-2-21,按时交货,货品5,质量合格,泰国,2.0,537.24,11,按时交货,泰国,货品5,92,True,正常
P218160,2016-12-06,2017-3-6,按时交货,货品6,质量合格,马来西亚,2.0,1.95,12,按时交货,马来西亚,货品6,90,True,正常
P218160,2016-12-06,2017-3-6,按时交货,货品6,质量合格,马来西亚,2.0,1.95,12,按时交货,马来西亚,货品6,90,True,正常
P218163,2016-12-10,2017-3-10,按时交货,货品6,质量合格,马来西亚,2.0,21.85,12,按时交货,马来西亚,货品6,90,True,正常
P218163,2016-12-10,2017-3-10,按时交货,货品6,质量合格,马来西亚,2.0,21.85,12,按时交货,马来西亚,货品6,90,True,正常
P218167,2016-08-30,2016-10-30,按时交货,货品3,质量合格,华北,1.0,507.27,8,按时交货,华北,货品3,61,True,正常
P218910,2016-08-15,2016-11-15,按时交货,货品5,质量合格,泰国,500.0,220.95,8,按时交货,泰国,货品5,92,True,正常
P218910,2016-08-15,2016-11-15,按时交货,货品5,质量合格,泰国,10.0,2.55,8,按时交货,泰国,货品5,92,True,正常
P218921,2016-10-01,2016-11-30,按时交货,货品6,拒货,马来西亚,1.0,81.87,10,按时交货,马来西亚,货品6,60,True,正常
P218938,2016-08-31,2016-10-31,按时交货,货品6,拒货,马来西亚,1.0,11.54,8,按时交货,马来西亚,货品6,61,True,正常
P218938,2016-08-31,2016-10-31,按时交货,货品6,拒货,马来西亚,1.0,63.48,8,按时交货,马来西亚,货品6,61,True,正常
P218990,2016-08-30,2016-10-30,按时交货,货品3,拒货,华北,2.0,80.97,8,按时交货,华北,货品3,61,True,正常
P218997,2016-07-13,2016-10-13,晚交货,货品2,质量合格,华东,1.0,2403.81,7,晚交货,华东,货品2,92,False,正常
P219036,2016-08-08,2016-11-8,按时交货,货品2,质量合格,华东,380.0,3331.31,8,按时交货,华东,货品2,92,True,正常
P219050,2016-08-15,2016-11-15,按时交货,货品6,质量合格,马来西亚,1.0,51.01,8,按时交货,马来西亚,货品6,92,True,正常
P219101,2016-10-20,2017-1-20,按时交货,货品3,质量合格,华北,106.0,68.0,10,按时交货,华北,货品3,92,True,正常
P219101,2016-10-20,2017-1-20,按时交货,货品3,质量合格,华北,160.0,102.64,10,按时交货,华北,货品3,92,True,正常
P219148,2016-09-20,2016-12-20,按时交货,货品2,质量合格,华东,200.0,546.63,9,按时交货,华东,货品2,91,True,正常
P219733,2016-08-31,2016-10-31,按时交货,货品2,质量合格,华东,1.0,896.22,8,按时交货,华东,货品2,61,True,正常
P219744,2016-08-15,2016-11-15,按时交货,货品6,质量合格,马来西亚,1.0,1402.29,8,按时交货,马来西亚,货品6,92,True,正常
P219796,2016-08-15,2016-11-15,晚交货,货品4,返修,西北,1.0,250.17,8,晚交货,西北,货品4,92,False,正常
P219796,2016-08-15,2016-11-15,晚交货,货品4,返修,西北,1.0,250.17,8,晚交货,西北,货品4,92,False,正常
P219825,2016-08-15,2016-11-15,按时交货,货品5,质量合格,泰国,8.0,119.5,8,按时交货,泰国,货品5,92,True,正常
P219895,2016-08-15,2016-11-15,按时交货,货品5,质量合格,泰国,3.0,310.23,8,按时交货,泰国,货品5,92,True,正常
P220013,2016-08-31,2016-10-31,按时交货,货品2,质量合格,华东,1.0,31.02,8,按时交货,华东,货品2,61,True,正常
P220590,2016-10-01,2016-11-30,按时交货,货品6,质量合格,马来西亚,1.0,27.23,10,按时交货,马来西亚,货品6,60,True,正常
P220590,2016-10-01,2016-11-30,按时交货,货品6,质量合格,马来西亚,1.0,25.83,10,按时交货,马来西亚,货品6,60,True,正常
P220594,2016-09-20,2016-12-20,按时交货,货品3,质量合格,华北,1.0,2353.05,9,按时交货,华北,货品3,91,True,正常
P220594,2016-09-20,2016-12-20,按时交货,货品3,质量合格,华北,1.0,52.49,9,按时交货,华北,货品3,91,True,正常
P220595,2016-08-15,2016-11-15,晚交货,货品4,返修,西北,1.0,201.96,8,晚交货,西北,货品4,92,False,正常
P220595,2016-08-15,2016-11-15,晚交货,货品4,返修,西北,1.0,201.96,8,晚交货,西北,货品4,92,False,正常
P220599,2016-09-15,2016-12-15,按时交货,货品6,质量合格,马来西亚,2.0,38.42,9,按时交货,马来西亚,货品6,91,True,正常
P220659,2016-08-15,2016-11-15,按时交货,货品5,质量合格,泰国,1.0,139.59,8,按时交货,泰国,货品5,92,True,正常
P220659,2016-08-15,2016-11-15,按时交货,货品5,质量合格,泰国,1.0,139.59,8,按时交货,泰国,货品5,92,True,正常
P221390,2016-10-20,2017-1-20,按时交货,货品2,质量合格,华东,4.0,19.48,10,按时交货,华东,货品2,92,True,正常
P221390,2016-10-20,2017-1-20,按时交货,货品2,质量合格,华东,4.0,19.48,10,按时交货,华东,货品2,92,True,正常
P221399,2016-08-15,2016-11-15,按时交货,货品6,拒货,马来西亚,15.0,73.04,8,按时交货,马来西亚,货品6,92,True,正常
P221481,2016-09-15,2016-12-15,按时交货,货品6,质量合格,马来西亚,1.0,8.24,9,按时交货,马来西亚,货品6,91,True,正常
P221492,2016-10-01,2016-11-30,按时交货,货品6,质量合格,马来西亚,1.0,21.77,10,按时交货,马来西亚,货品6,60,True,正常
P221492,2016-10-01,2016-11-30,按时交货,货品6,质量合格,马来西亚,16.0,26.64,10,按时交货,马来西亚,货品6,60,True,正常
P221566,2016-08-30,2016-10-30,按时交货,货品3,质量合格,华北,1.0,158.48,8,按时交货,华北,货品3,61,True,正常
P221690,2016-10-12,2017-1-12,按时交货,货品2,拒货,华东,4.0,75.39,10,按时交货,华东,货品2,92,True,正常
P222314,2016-10-01,2016-11-30,按时交货,货品6,质量合格,马来西亚,1.0,29.46,10,按时交货,马来西亚,货品6,60,True,正常
P222317,2016-11-14,2017-2-14,按时交货,货品5,质量合格,泰国,1.0,296.7,11,按时交货,泰国,货品5,92,True,正常
P222318,2016-08-15,2016-11-15,按时交货,货品5,质量合格,泰国,2.0,117.83,8,按时交货,泰国,货品5,92,True,正常
P222353,2016-08-15,2016-11-15,按时交货,货品5,返修,泰国,1.0,34.58,8,按时交货,泰国,货品5,92,True,正常
P222353,2016-08-15,2016-11-15,按时交货,货品5,返修,泰国,1.0,67.88,8,按时交货,泰国,货品5,92,True,正常
P222374,2016-10-01,2016-11-30,按时交货,货品6,质量合格,马来西亚,1.0,6.37,10,按时交货,马来西亚,货品6,60,True,正常
P222374,2016-10-01,2016-11-30,按时交货,货品6,质量合格,马来西亚,1.0,6.37,10,按时交货,马来西亚,货品6,60,True,正常
P222384,2016-10-01,2016-11-30,按时交货,货品6,质量合格,马来西亚,2.0,19.48,10,按时交货,马来西亚,货品6,60,True,正常
P222384,2016-10-01,2016-11-30,按时交货,货品6,质量合格,马来西亚,2.0,19.48,10,按时交货,马来西亚,货品6,60,True,正常
P222413,2016-08-15,2016-11-15,按时交货,货品6,质量合格,马来西亚,16.0,1406.79,8,按时交货,马来西亚,货品6,92,True,正常
P222454,2016-08-15,2016-11-15,按时交货,货品5,质量合格,泰国,500.0,224.1,8,按时交货,泰国,货品5,92,True,正常
P222508,2016-08-24,2016-11-24,按时交货,货品2,质量合格,华东,1.0,9.02,8,按时交货,华东,货品2,92,True,正常
P222508,2016-08-24,2016-11-24,按时交货,货品2,质量合格,华东,1.0,9.17,8,按时交货,华东,货品2,92,True,正常
P222584,2016-12-21,2017-3-21,晚交货,货品2,返修,华东,1.0,2157.84,12,晚交货,华东,货品2,90,False,正常
P222584,2016-11-23,2017-2-23,晚交货,货品2,返修,华东,1.0,2157.84,11,晚交货,华东,货品2,92,False,正常
P223059,2016-08-19,2016-11-19,晚交货,货品2,拒货,华东,2.0,70.62,8,晚交货,华东,货品2,92,False,正常
P223062,2016-12-13,2017-3-13,晚交货,货品2,质量合格,华东,1.0,130.82,12,晚交货,华东,货品2,90,False,正常
P223063,2016-08-31,2016-10-31,按时交货,货品6,质量合格,马来西亚,1.0,25.59,8,按时交货,马来西亚,货品6,61,True,正常
P223063,2016-08-31,2016-10-31,按时交货,货品6,质量合格,马来西亚,1.0,25.59,8,按时交货,马来西亚,货品6,61,True,正常
P223076,2016-10-01,2016-11-30,按时交货,货品6,质量合格,马来西亚,10.0,14.34,10,按时交货,马来西亚,货品6,60,True,正常
P223107,2016-09-20,2016-12-20,按时交货,货品3,质量合格,华北,1.0,12.73,9,按时交货,华北,货品3,91,True,正常
P223107,2016-09-20,2016-12-20,按时交货,货品3,质量合格,华北,1.0,14.22,9,按时交货,华北,货品3,91,True,正常
P223123,2016-09-20,2016-12-20,按时交货,货品3,质量合格,华北,1.0,12.73,9,按时交货,华北,货品3,91,True,正常
P223123,2016-09-20,2016-12-20,按时交货,货品3,质量合格,华北,1.0,14.22,9,按时交货,华北,货品3,91,True,正常
P223185,2016-10-01,2016-11-30,按时交货,货品6,拒货,马来西亚,5.0,57.81,10,按时交货,马来西亚,货品6,60,True,正常
P223189,2016-10-01,2016-11-30,按时交货,货品6,质量合格,马来西亚,1.0,922.45,10,按时交货,马来西亚,货品6,60,True,正常
P223240,2016-09-06,2016-12-6,按时交货,货品2,质量合格,华东,1.0,19.09,9,按时交货,华东,货品2,91,True,正常
P223292,2016-08-20,2016-11-20,按时交货,货品3,质量合格,华北,2.0,119.17,8,按时交货,华北,货品3,92,True,正常
P223392,2016-09-30,2016-11-30,按时交货,货品2,质量合格,华东,4.0,29.29,9,按时交货,华东,货品2,61,True,正常
P223945,2016-11-20,2017-2-20,按时交货,货品3,质量合格,华北,1.0,23.82,11,按时交货,华北,货品3,92,True,正常
P223945,2016-11-20,2017-2-20,按时交货,货品3,质量合格,华北,1.0,23.82,11,按时交货,华北,货品3,92,True,正常
P223948,2016-08-18,2016-11-18,按时交货,货品3,拒货,华北,2.0,58.28,8,按时交货,华北,货品3,92,True,正常
P223959,2016-08-15,2016-11-15,按时交货,货品5,质量合格,泰国,300.0,234.08,8,按时交货,泰国,货品5,92,True,正常
P223959,2016-08-15,2016-11-15,按时交货,货品5,质量合格,泰国,200.0,149.13,8,按时交货,泰国,货品5,92,True,正常
P223976,2016-08-15,2016-11-15,按时交货,货品5,质量合格,泰国,34.0,187.59,8,按时交货,泰国,货品5,92,True,正常
P224038,2016-10-01,2016-11-30,按时交货,货品5,质量合格,泰国,5.0,130.02,10,按时交货,泰国,货品5,60,True,正常
P224039,2016-10-01,2016-11-30,按时交货,货品5,质量合格,泰国,50.0,91.48,10,按时交货,泰国,货品5,60,True,正常
P224039,2016-10-01,2016-11-30,按时交货,货品5,质量合格,泰国,50.0,29.12,10,按时交货,泰国,货品5,60,True,正常
P224044,2016-08-15,2016-11-15,按时交货,货品6,质量合格,马来西亚,11.0,36.36,8,按时交货,马来西亚,货品6,92,True,正常
P224172,2016-10-01,2016-11-30,按时交货,货品5,质量合格,泰国,1.0,121.72,10,按时交货,泰国,货品5,60,True,正常
P224205,2016-08-19,2016-11-19,按时交货,货品3,质量合格,华北,100.0,350.77,8,按时交货,华北,货品3,92,True,正常
P224784,2016-10-01,2016-11-30,按时交货,货品6,质量合格,马来西亚,2.0,49.46,10,按时交货,马来西亚,货品6,60,True,正常
P224798,2016-08-15,2016-11-15,按时交货,货品6,质量合格,马来西亚,1.0,46.13,8,按时交货,马来西亚,货品6,92,True,正常
P224901,2016-10-30,2016-12-30,按时交货,货品6,质量合格,马来西亚,3.0,45.78,10,按时交货,马来西亚,货品6,61,True,正常
P224957,2016-10-01,2016-11-30,按时交货,货品6,质量合格,马来西亚,20.0,32.38,10,按时交货,马来西亚,货品6,60,True,正常
P225099,2016-09-15,2016-12-15,按时交货,货品5,拒货,泰国,1.0,99.09,9,按时交货,泰国,货品5,91,True,正常
P225102,2016-10-12,2017-1-12,晚交货,货品2,质量合格,华东,1.0,67.46,10,晚交货,华东,货品2,92,False,正常
P225102,2016-10-12,2017-1-12,晚交货,货品2,质量合格,华东,1.0,142.42,10,晚交货,华东,货品2,92,False,正常
P225575,2016-10-01,2016-11-30,按时交货,货品6,质量合格,马来西亚,1.0,38.23,10,按时交货,马来西亚,货品6,60,True,正常
P225576,2016-08-30,2016-10-30,晚交货,货品3,拒货,华北,1.0,82.45,8,晚交货,华北,货品3,61,False,正常
P225586,2016-08-30,2016-10-30,按时交货,货品3,质量合格,华北,1.0,201.63,8,按时交货,华北,货品3,61,True,正常
P225589,2016-10-30,2016-12-30,晚交货,货品3,质量合格,华北,2.0,48.72,10,晚交货,华北,货品3,61,False,正常
P225592,2016-08-05,2016-11-5,按时交货,货品3,质量合格,华北,1.0,117.07,8,按时交货,华北,货品3,92,True,正常
P225600,2016-08-15,2016-11-15,按时交货,货品3,质量合格,华北,1.0,6.16,8,按时交货,华北,货品3,92,True,正常
P225621,2016-10-30,2016-12-30,晚交货,货品3,拒货,华北,1.0,33.52,10,晚交货,华北,货品3,61,False,正常
P225621,2016-10-30,2016-12-30,晚交货,货品3,拒货,华北,1.0,23.29,10,晚交货,华北,货品3,61,False,正常
P225628,2016-08-15,2016-11-15,按时交货,货品6,质量合格,马来西亚,1.0,20.99,8,按时交货,马来西亚,货品6,92,True,正常
P225643,2016-09-15,2016-12-15,按时交货,货品2,质量合格,华东,1.0,16.45,9,按时交货,华东,货品2,91,True,正常
P225697,2016-08-17,2016-11-17,按时交货,货品2,质量合格,华东,4.0,0.51,8,按时交货,华东,货品2,92,True,正常
P225697,2016-08-17,2016-11-17,按时交货,货品2,质量合格,华东,2.0,1294.64,8,按时交货,华东,货品2,92,True,正常
P225823,2016-08-15,2016-11-15,按时交货,货品6,质量合格,马来西亚,2.0,41.98,8,按时交货,马来西亚,货品6,92,True,正常
P225947,2016-10-01,2016-11-30,晚交货,货品3,质量合格,华北,1.0,18.02,10,晚交货,华北,货品3,60,False,正常
P225958,2016-08-15,2016-11-15,晚交货,货品3,质量合格,华北,1.0,20.38,8,晚交货,华北,货品3,92,False,正常
P225966,2016-08-15,2016-11-15,按时交货,货品3,质量合格,华北,1.0,4.11,8,按时交货,华北,货品3,92,True,正常
P226478,2016-09-26,2016-11-26,按时交货,货品2,拒货,华东,2.0,61.5,9,按时交货,华东,货品2,61,True,正常
P226478,2016-09-26,2016-11-26,按时交货,货品2,拒货,华东,2.0,13.94,9,按时交货,华东,货品2,61,True,正常
P226484,2016-10-01,2016-11-30,按时交货,货品6,拒货,马来西亚,5.0,45.48,10,按时交货,马来西亚,货品6,60,True,正常
P226484,2016-10-01,2016-11-30,按时交货,货品6,拒货,马来西亚,5.0,34.37,10,按时交货,马来西亚,货品6,60,True,正常
P226517,2016-08-09,2016-11-9,按时交货,货品2,返修,华东,2.0,13169.57,8,按时交货,华东,货品2,92,True,正常
P226574,2016-10-01,2016-11-30,按时交货,货品2,质量合格,华东,1.0,2322.69,10,按时交货,华东,货品2,60,True,正常
P226641,2016-10-01,2016-11-30,按时交货,货品3,质量合格,华北,1.0,959.3,10,按时交货,华北,货品3,60,True,正常
P226641,2016-10-01,2016-11-30,按时交货,货品3,质量合格,华北,1.0,959.3,10,按时交货,华北,货品3,60,True,正常
P227218,2016-09-15,2016-12-15,按时交货,货品3,质量合格,华北,25.0,154.23,9,按时交货,华北,货品3,91,True,正常
P227218,2016-09-15,2016-12-15,按时交货,货品3,质量合格,华北,1.0,6.51,9,按时交货,华北,货品3,91,True,正常
P227269,2016-10-01,2016-11-30,按时交货,货品5,返修,泰国,3.0,99.39,10,按时交货,泰国,货品5,60,True,正常
P227393,2016-10-30,2016-12-30,按时交货,货品5,返修,泰国,1.0,115.84,10,按时交货,泰国,货品5,61,True,正常
P227798,2016-09-05,2016-12-5,按时交货,货品3,质量合格,华北,3.0,975.13,9,按时交货,华北,货品3,91,True,正常
P227798,2016-09-05,2016-12-5,按时交货,货品3,质量合格,华北,3.0,156.14,9,按时交货,华北,货品3,91,True,正常
P227937,2016-10-01,2016-11-30,按时交货,货品6,质量合格,马来西亚,14.0,12.63,10,按时交货,马来西亚,货品6,60,True,正常
P227937,2016-10-01,2016-11-30,按时交货,货品6,质量合格,马来西亚,4.0,30.16,10,按时交货,马来西亚,货品6,60,True,正常
P227971,2016-09-30,2016-11-30,按时交货,货品2,返修,华东,300.0,2629.98,9,按时交货,华东,货品2,61,True,正常
P227971,2016-10-30,2016-12-30,按时交货,货品2,返修,华东,400.0,3506.64,10,按时交货,华东,货品2,61,True,正常
P228594,2016-10-30,2016-12-30,按时交货,货品3,质量合格,华北,1.0,48.19,10,按时交货,华北,货品3,61,True,正常
P228598,2016-10-01,2016-11-30,按时交货,货品6,拒货,马来西亚,2.0,60.35,10,按时交货,马来西亚,货品6,60,True,正常
P228603,2016-08-20,2016-11-20,按时交货,货品3,拒货,华北,3.0,96.39,8,按时交货,华北,货品3,92,True,正常
P228606,2016-08-20,2016-11-20,按时交货,货品3,拒货,华北,3.0,96.39,8,按时交货,华北,货品3,92,True,正常
P228624,2016-12-30,2017-2-28,按时交货,货品5,质量合格,泰国,1.0,177.67,12,按时交货,泰国,货品5,60,True,正常
P228654,2016-10-30,2016-12-30,按时交货,货品5,质量合格,泰国,1.0,141.38,10,按时交货,泰国,货品5,61,True,正常
P228654,2016-10-30,2016-12-30,按时交货,货品5,质量合格,泰国,1.0,141.38,10,按时交货,泰国,货品5,61,True,正常
P228747,2016-10-30,2016-12-30,按时交货,货品2,拒货,华东,2.0,66.38,10,按时交货,华东,货品2,61,True,正常
P229366,2016-10-01,2016-11-30,按时交货,货品5,质量合格,泰国,4.0,183.77,10,按时交货,泰国,货品5,60,True,正常
P229367,2016-10-01,2016-11-30,按时交货,货品5,质量合格,泰国,1.0,78.3,10,按时交货,泰国,货品5,60,True,正常
P229367,2016-10-01,2016-11-30,按时交货,货品5,质量合格,泰国,1.0,78.3,10,按时交货,泰国,货品5,60,True,正常
P229408,2016-08-19,2016-11-19,按时交货,货品2,质量合格,华东,1.0,2564.22,8,按时交货,华东,货品2,92,True,正常
P229638,2016-09-15,2016-12-15,按时交货,货品6,拒货,马来西亚,1.0,59.3,9,按时交货,马来西亚,货品6,91,True,正常
P230151,2016-09-15,2016-12-15,按时交货,货品6,质量合格,马来西亚,1.0,27.74,9,按时交货,马来西亚,货品6,91,True,正常
P230159,2016-10-30,2016-12-30,按时交货,货品6,质量合格,马来西亚,1.0,903.18,10,按时交货,马来西亚,货品6,61,True,正常
P230159,2016-10-30,2016-12-30,按时交货,货品6,质量合格,马来西亚,2.0,90.32,10,按时交货,马来西亚,货品6,61,True,正常
P230172,2016-10-01,2016-11-30,按时交货,货品6,质量合格,马来西亚,1.0,15.29,10,按时交货,马来西亚,货品6,60,True,正常
P230174,2016-10-30,2016-12-30,按时交货,货品6,质量合格,马来西亚,1.0,202.9,10,按时交货,马来西亚,货品6,61,True,正常
P230189,2016-10-08,2017-1-8,晚交货,货品2,质量合格,华东,1.0,144.71,10,晚交货,华东,货品2,92,False,正常
P230289,2016-09-30,2016-11-30,按时交货,货品2,质量合格,华东,2.0,4.25,9,按时交货,华东,货品2,61,True,正常
P230289,2016-09-30,2016-11-30,按时交货,货品2,质量合格,华东,4.0,8.49,9,按时交货,华东,货品2,61,True,正常
P230950,2016-10-30,2016-12-30,按时交货,货品2,拒货,华东,2.0,66.06,10,按时交货,华东,货品2,61,True,正常
P230964,2016-10-01,2016-11-30,按时交货,货品6,拒货,马来西亚,1.0,90.08,10,按时交货,马来西亚,货品6,60,True,正常
P231032,2016-09-15,2016-12-15,按时交货,货品6,拒货,马来西亚,2.0,65.72,9,按时交货,马来西亚,货品6,91,True,正常
P231035,2016-08-12,2016-11-12,按时交货,货品2,拒货,华东,2.0,0.6,8,按时交货,华东,货品2,92,True,正常
P231035,2016-08-12,2016-11-12,按时交货,货品2,拒货,华东,1.0,0.98,8,按时交货,华东,货品2,92,True,正常
P231068,2016-09-15,2016-12-15,按时交货,货品3,质量合格,华北,8.0,9.01,9,按时交货,华北,货品3,91,True,正常
P231093,2016-10-01,2016-11-30,按时交货,货品6,拒货,马来西亚,2.0,50.04,10,按时交货,马来西亚,货品6,60,True,正常
P231093,2016-10-01,2016-11-30,按时交货,货品6,拒货,马来西亚,3.0,9.93,10,按时交货,马来西亚,货品6,60,True,正常
P231220,2016-09-30,2016-11-30,按时交货,货品5,拒货,泰国,1.0,95.39,9,按时交货,泰国,货品5,61,True,正常
P231639,2016-09-15,2016-12-15,按时交货,货品6,质量合格,马来西亚,16.0,1409.23,9,按时交货,马来西亚,货品6,91,True,正常
P231647,2016-09-15,2016-12-15,按时交货,货品6,拒货,马来西亚,1.0,89.1,9,按时交货,马来西亚,货品6,91,True,正常
P231652,2016-09-15,2016-12-15,按时交货,货品6,拒货,马来西亚,3.0,91.57,9,按时交货,马来西亚,货品6,91,True,正常
P231656,2016-09-15,2016-12-15,按时交货,货品6,拒货,马来西亚,5.0,57.96,9,按时交货,马来西亚,货品6,91,True,正常
P231735,2016-08-18,2016-11-18,按时交货,货品2,质量合格,华东,1.0,4.05,8,按时交货,华东,货品2,92,True,正常
P231744,2016-08-18,2016-11-18,按时交货,货品2,质量合格,华东,1.0,4.05,8,按时交货,华东,货品2,92,True,正常
P231762,2016-08-15,2016-11-15,按时交货,货品3,质量合格,华北,1.0,845.28,8,按时交货,华北,货品3,92,True,正常
P231768,2016-11-30,2017-1-30,按时交货,货品2,质量合格,华东,4.0,19.21,11,按时交货,华东,货品2,61,True,正常
P231775,2016-11-30,2017-1-30,按时交货,货品3,质量合格,华北,10.0,28.52,11,按时交货,华北,货品3,61,True,正常
P231775,2016-11-30,2017-1-30,按时交货,货品3,质量合格,华北,20.0,16.51,11,按时交货,华北,货品3,61,True,正常
P231780,2016-09-15,2016-12-15,按时交货,货品6,拒货,马来西亚,50.0,12.11,9,按时交货,马来西亚,货品6,91,True,正常
P231780,2016-09-15,2016-12-15,按时交货,货品6,拒货,马来西亚,15.0,61.58,9,按时交货,马来西亚,货品6,91,True,正常
P231812,2016-10-15,2017-1-15,按时交货,货品6,质量合格,马来西亚,1.0,19.53,10,按时交货,马来西亚,货品6,92,True,正常
P231832,2016-09-15,2016-12-15,按时交货,货品6,质量合格,马来西亚,2.0,21.78,9,按时交货,马来西亚,货品6,91,True,正常
P232332,2016-10-30,2016-12-30,按时交货,货品6,质量合格,马来西亚,2.0,41.24,10,按时交货,马来西亚,货品6,61,True,正常
P232347,2016-10-30,2016-12-30,按时交货,货品6,质量合格,马来西亚,1.0,43.66,10,按时交货,马来西亚,货品6,61,True,正常
P232350,2016-09-15,2016-12-15,按时交货,货品6,拒货,马来西亚,2.0,50.26,9,按时交货,马来西亚,货品6,91,True,正常
P232350,2016-09-15,2016-12-15,按时交货,货品6,拒货,马来西亚,4.0,13.3,9,按时交货,马来西亚,货品6,91,True,正常
P232351,2016-10-01,2016-11-30,按时交货,货品3,质量合格,华北,4.0,67.92,10,按时交货,华北,货品3,60,True,正常
P232351,2016-10-01,2016-11-30,按时交货,货品6,质量合格,马来西亚,1.0,67.92,10,按时交货,马来西亚,货品6,60,True,正常
P232396,2016-12-01,2017-1-31,按时交货,货品6,拒货,马来西亚,2.0,61.86,12,按时交货,马来西亚,货品6,61,True,正常
P232406,2016-12-01,2017-1-31,按时交货,货品6,拒货,马来西亚,2.0,63.15,12,按时交货,马来西亚,货品6,61,True,正常
P232443,2016-10-01,2016-11-30,按时交货,货品3,质量合格,华北,2.0,34.8,10,按时交货,华北,货品3,60,True,正常
P232488,2016-10-08,2017-1-8,晚交货,货品2,拒货,华东,2.0,74.72,10,晚交货,华东,货品2,92,False,正常
P232498,2016-09-15,2016-12-15,按时交货,货品6,质量合格,马来西亚,1.0,28.35,9,按时交货,马来西亚,货品6,91,True,正常
P232515,2016-10-30,2016-12-30,按时交货,货品5,质量合格,泰国,4.0,128.88,10,按时交货,泰国,货品5,61,True,正常
P232674,2016-10-01,2016-11-30,按时交货,货品5,质量合格,泰国,1.0,176.6,10,按时交货,泰国,货品5,60,True,正常
P233144,2016-10-01,2016-11-30,按时交货,货品6,质量合格,马来西亚,2.0,8.76,10,按时交货,马来西亚,货品6,60,True,正常
P233150,2016-09-15,2016-12-15,按时交货,货品5,返修,泰国,1.0,104.51,9,按时交货,泰国,货品5,91,True,正常
P233168,2016-09-15,2016-12-15,按时交货,货品3,质量合格,华北,1.0,173.83,9,按时交货,华北,货品3,91,True,正常
P233187,2016-12-01,2017-1-31,按时交货,货品2,质量合格,华东,2.0,49.72,12,按时交货,华东,货品2,61,True,正常
P233187,2016-12-01,2017-1-31,按时交货,货品2,质量合格,华东,2.0,66.29,12,按时交货,华东,货品2,61,True,正常
P233261,2016-10-30,2016-12-30,按时交货,货品2,质量合格,华东,4.0,11.08,10,按时交货,华东,货品2,61,True,正常
P233268,2016-09-15,2016-12-15,按时交货,货品6,质量合格,马来西亚,1.0,45.2,9,按时交货,马来西亚,货品6,91,True,正常
P233304,2016-09-30,2016-11-30,按时交货,货品6,质量合格,马来西亚,1.0,49.57,9,按时交货,马来西亚,货品6,61,True,正常
P233482,2016-10-08,2017-1-8,晚交货,货品3,质量合格,华北,1.0,386.28,10,晚交货,华北,货品3,92,False,正常
P233945,2016-10-08,2017-1-8,晚交货,货品2,质量合格,华东,1.0,45.13,10,晚交货,华东,货品2,92,False,正常
P233949,2016-09-30,2016-11-30,按时交货,货品2,质量合格,华东,1.0,438.15,9,按时交货,华东,货品2,61,True,正常
P233951,2016-11-30,2017-1-30,按时交货,货品1,返修,华南,9.0,3624.25,11,按时交货,华南,货品1,61,True,正常
P233951,2016-11-30,2017-1-30,按时交货,货品1,返修,西北,9.0,3624.26,11,按时交货,西北,货品1,61,True,正常
P233983,2016-11-23,2017-2-23,晚交货,货品2,质量合格,华东,1.0,1658.59,11,晚交货,华东,货品2,92,False,正常
P233983,2016-10-08,2017-1-8,晚交货,货品2,质量合格,华东,1.0,1658.59,10,晚交货,华东,货品2,92,False,正常
P234737,2016-09-15,2016-12-15,按时交货,货品6,质量合格,马来西亚,3.0,46.82,9,按时交货,马来西亚,货品6,91,True,正常
P234737,2016-09-15,2016-12-15,按时交货,货品6,质量合格,马来西亚,200.0,150.67,9,按时交货,马来西亚,货品6,91,True,正常
P234747,2016-10-30,2016-12-30,按时交货,货品6,拒货,马来西亚,5.0,77.27,10,按时交货,马来西亚,货品6,61,True,正常
P234785,2016-09-15,2016-12-15,按时交货,货品5,质量合格,泰国,3.0,47.2,9,按时交货,泰国,货品5,91,True,正常
P234785,2016-09-15,2016-12-15,按时交货,货品5,质量合格,泰国,200.0,80.37,9,按时交货,泰国,货品5,91,True,正常
P234838,2016-09-30,2016-11-30,按时交货,货品3,质量合格,华北,1.0,426.26,9,按时交货,华北,货品3,61,True,正常
P234944,2016-08-22,2016-11-22,按时交货,货品2,质量合格,华东,4.0,9.64,8,按时交货,华东,货品2,92,True,正常
P234944,2016-08-22,2016-11-22,按时交货,货品2,质量合格,华东,2.0,36.76,8,按时交货,华东,货品2,92,True,正常
P235329,2016-10-30,2016-12-30,按时交货,货品5,质量合格,泰国,2.0,339.89,10,按时交货,泰国,货品5,61,True,正常
P235340,2016-08-15,2016-11-15,按时交货,货品5,质量合格,泰国,10.0,193.0,8,按时交货,泰国,货品5,92,True,正常
P235364,2016-09-30,2016-11-30,按时交货,货品2,质量合格,华东,1.0,186.82,9,按时交货,华东,货品2,61,True,正常
P235376,2016-10-30,2016-12-30,按时交货,货品6,质量合格,马来西亚,5.0,20.01,10,按时交货,马来西亚,货品6,61,True,正常
P235379,2016-09-20,2016-12-20,按时交货,货品5,质量合格,泰国,1.0,183.24,9,按时交货,泰国,货品5,91,True,正常
P235435,2016-12-30,2017-2-28,按时交货,货品2,质量合格,华东,4.0,21.15,12,按时交货,华东,货品2,60,True,正常
P235435,2016-12-30,2017-2-28,按时交货,货品2,质量合格,华东,4.0,21.15,12,按时交货,华东,货品2,60,True,正常
P235439,2016-10-30,2016-12-30,按时交货,货品5,质量合格,泰国,2.0,60.42,10,按时交货,泰国,货品5,61,True,正常
P235439,2016-10-30,2016-12-30,按时交货,货品5,质量合格,泰国,4.0,120.85,10,按时交货,泰国,货品5,61,True,正常
P235661,2016-09-30,2016-11-30,晚交货,货品2,质量合格,华东,2.0,49.88,9,晚交货,华东,货品2,61,False,正常
P235735,2016-10-20,2017-1-20,按时交货,货品3,质量合格,华北,1.0,323.91,10,按时交货,华北,货品3,92,True,正常
P236122,2016-10-01,2016-11-30,按时交货,货品2,质量合格,华东,1.0,116.04,10,按时交货,华东,货品2,60,True,正常
P236136,2016-09-20,2016-12-20,按时交货,货品6,质量合格,马来西亚,1.0,1311.09,9,按时交货,马来西亚,货品6,91,True,正常
P236161,2016-10-25,2016-12-25,按时交货,货品6,拒货,马来西亚,100.0,56.68,10,按时交货,马来西亚,货品6,61,True,正常
P236192,2016-09-30,2016-11-30,按时交货,货品2,质量合格,华东,1.0,147.69,9,按时交货,华东,货品2,61,True,正常
P236216,2016-10-30,2016-12-30,按时交货,货品2,质量合格,华东,1.0,39.18,10,按时交货,华东,货品2,61,True,正常
P236271,2016-10-30,2016-12-30,按时交货,货品5,质量合格,泰国,1.0,392.42,10,按时交货,泰国,货品5,61,True,正常
P236317,2016-09-12,2016-12-12,按时交货,货品3,质量合格,华北,6.0,198.18,9,按时交货,华北,货品3,91,True,正常
P236361,2016-10-12,2017-1-12,按时交货,货品3,返修,华北,1.0,112.48,10,按时交货,华北,货品3,92,True,正常
P236856,2016-10-30,2016-12-30,按时交货,货品3,质量合格,华北,2.0,128.9,10,按时交货,华北,货品3,61,True,正常
P236866,2016-10-01,2016-11-30,按时交货,货品5,返修,泰国,1.0,43.05,10,按时交货,泰国,货品5,60,True,正常
P236866,2016-10-01,2016-11-30,按时交货,货品5,返修,泰国,1.0,59.55,10,按时交货,泰国,货品5,60,True,正常
P236902,2016-10-30,2016-12-30,晚交货,货品4,返修,西北,1.0,707.3,10,晚交货,西北,货品4,61,False,正常
P236962,2016-10-30,2016-12-30,按时交货,货品6,拒货,马来西亚,1.0,40.86,10,按时交货,马来西亚,货品6,61,True,正常
P236962,2016-10-30,2016-12-30,按时交货,货品6,拒货,马来西亚,1.0,24.33,10,按时交货,马来西亚,货品6,61,True,正常
P236964,2016-10-30,2016-12-30,晚交货,货品4,返修,西北,1.0,203.28,10,晚交货,西北,货品4,61,False,正常
P236964,2016-10-30,2016-12-30,晚交货,货品4,返修,西北,1.0,203.28,10,晚交货,西北,货品4,61,False,正常
P237647,2016-12-30,2017-2-28,按时交货,货品5,质量合格,泰国,1.0,164.1,12,按时交货,泰国,货品5,60,True,正常
P237724,2016-10-30,2016-12-30,按时交货,货品5,返修,泰国,1.0,101.87,10,按时交货,泰国,货品5,61,True,正常
P237725,2016-10-30,2016-12-30,按时交货,货品5,返修,泰国,1.0,107.34,10,按时交货,泰国,货品5,61,True,正常
P237726,2016-09-13,2016-12-13,按时交货,货品6,拒货,马来西亚,1.0,58.01,9,按时交货,马来西亚,货品6,91,True,正常
P237729,2016-09-15,2016-12-15,按时交货,货品5,质量合格,泰国,5.0,125.28,9,按时交货,泰国,货品5,91,True,正常
P237732,2016-10-10,2017-1-10,按时交货,货品2,质量合格,华东,80.0,140.71,10,按时交货,华东,货品2,92,True,正常
P237736,2016-10-30,2016-12-30,按时交货,货品6,质量合格,马来西亚,1.0,38.55,10,按时交货,马来西亚,货品6,61,True,正常
P237736,2016-10-30,2016-12-30,按时交货,货品6,质量合格,马来西亚,3.0,9.64,10,按时交货,马来西亚,货品6,61,True,正常
P237746,2016-10-30,2016-12-30,按时交货,货品3,质量合格,华北,1.0,14.01,10,按时交货,华北,货品3,61,True,正常
P237747,2016-10-30,2016-12-30,按时交货,货品5,质量合格,泰国,1.0,374.32,10,按时交货,泰国,货品5,61,True,正常
P237770,2016-11-18,2017-2-18,按时交货,货品3,质量合格,华北,1.0,213.1,11,按时交货,华北,货品3,92,True,正常
P237770,2016-11-18,2017-2-18,晚交货,货品3,质量合格,华北,1.0,23.9,11,晚交货,华北,货品3,92,False,正常
P237775,2016-09-15,2016-12-15,按时交货,货品3,拒货,华北,2.0,81.61,9,按时交货,华北,货品3,91,True,正常
P238419,2016-10-30,2016-12-30,晚交货,货品4,返修,西北,1000.0,445.37,10,晚交货,西北,货品4,61,False,正常
P238419,2016-10-30,2016-12-30,晚交货,货品4,返修,西北,10.0,2.57,10,晚交货,西北,货品4,61,False,正常
P238422,2016-10-30,2016-12-30,晚交货,货品4,返修,西北,4.0,137.72,10,晚交货,西北,货品4,61,False,正常
P238422,2016-10-30,2016-12-30,晚交货,货品4,返修,西北,500.0,373.95,10,晚交货,西北,货品4,61,False,正常
P238454,2016-09-15,2016-12-15,按时交货,货品5,质量合格,泰国,20.0,107.95,9,按时交货,泰国,货品5,91,True,正常
P238454,2016-09-15,2016-12-15,按时交货,货品5,质量合格,泰国,20.0,61.69,9,按时交货,泰国,货品5,91,True,正常
P238457,2016-10-30,2016-12-30,按时交货,货品6,质量合格,马来西亚,1.0,1015.25,10,按时交货,马来西亚,货品6,61,True,正常
P238525,2016-09-15,2016-12-15,按时交货,货品2,质量合格,华东,2.0,167.07,9,按时交货,华东,货品2,91,True,正常
P238527,2016-11-15,2017-2-15,按时交货,货品2,质量合格,华东,4.0,2.71,11,按时交货,华东,货品2,92,True,正常
P238527,2016-11-15,2017-2-15,按时交货,货品2,质量合格,华东,4.0,2.71,11,按时交货,华东,货品2,92,True,正常
P238559,2016-10-24,2017-1-24,按时交货,货品3,质量合格,华北,1.0,131.67,10,按时交货,华北,货品3,92,True,正常
P238570,2016-10-30,2016-12-30,按时交货,货品5,质量合格,泰国,100.0,200.82,10,按时交货,泰国,货品5,61,True,正常
P238570,2016-10-30,2016-12-30,按时交货,货品5,质量合格,泰国,100.0,116.83,10,按时交货,泰国,货品5,61,True,正常
P238587,2016-10-30,2016-12-30,按时交货,货品5,质量合格,泰国,1.0,366.88,10,按时交货,泰国,货品5,61,True,正常
P239185,2016-10-15,2017-1-15,按时交货,货品5,质量合格,泰国,1.0,514.41,10,按时交货,泰国,货品5,92,True,正常
P239186,2016-10-15,2017-1-15,按时交货,货品5,质量合格,泰国,1.0,302.39,10,按时交货,泰国,货品5,92,True,正常
P239191,2016-10-15,2017-1-15,按时交货,货品6,质量合格,马来西亚,1.0,27.13,10,按时交货,马来西亚,货品6,92,True,正常
P239191,2016-10-15,2017-1-15,按时交货,货品6,质量合格,马来西亚,1.0,27.13,10,按时交货,马来西亚,货品6,92,True,正常
P239233,2016-09-15,2016-12-15,按时交货,货品5,质量合格,泰国,3.0,255.99,9,按时交货,泰国,货品5,91,True,正常
P239246,2016-09-30,2016-11-30,晚交货,货品3,质量合格,华北,1.0,1229.95,9,晚交货,华北,货品3,61,False,正常
P239246,2016-09-30,2016-11-30,晚交货,货品3,质量合格,华北,1.0,1229.95,9,晚交货,华北,货品3,61,False,正常
P239258,2016-09-15,2016-12-15,按时交货,货品5,拒货,泰国,3.0,97.88,9,按时交货,泰国,货品5,91,True,正常
P239273,2016-10-30,2016-12-30,按时交货,货品3,拒货,华北,1.0,70.54,10,按时交货,华北,货品3,61,True,正常
P239427,2016-10-30,2016-12-30,按时交货,货品3,质量合格,华北,1.0,45.48,10,按时交货,华北,货品3,61,True,正常
P239442,2016-08-30,2016-10-30,晚交货,货品3,质量合格,华北,1.0,29.47,8,晚交货,华北,货品3,61,False,正常
P239454,2016-08-30,2016-10-30,晚交货,货品3,质量合格,华北,2.0,174.58,8,晚交货,华北,货品3,61,False,正常
P239475,2016-08-30,2016-10-30,晚交货,货品3,质量合格,华北,1.0,152.54,8,晚交货,华北,货品3,61,False,正常
P240011,2016-10-01,2016-11-30,按时交货,货品6,拒货,马来西亚,1.0,52.57,10,按时交货,马来西亚,货品6,60,True,正常
P240011,2016-10-01,2016-11-30,按时交货,货品6,拒货,马来西亚,56.0,37.26,10,按时交货,马来西亚,货品6,60,True,正常
P240025,2016-10-30,2016-12-30,按时交货,货品5,质量合格,泰国,600.0,23.07,10,按时交货,泰国,货品5,61,True,正常
P240025,2016-10-30,2016-12-30,按时交货,货品5,质量合格,泰国,1.0,314.54,10,按时交货,泰国,货品5,61,True,正常
P240310,2016-09-30,2016-11-30,按时交货,货品2,拒货,华东,2.0,0.6,9,按时交货,华东,货品2,61,True,正常
P240310,2016-09-30,2016-11-30,按时交货,货品2,拒货,华东,1.0,2.63,9,按时交货,华东,货品2,61,True,正常
P240875,2016-09-15,2016-12-15,按时交货,货品5,质量合格,泰国,1.0,112.68,9,按时交货,泰国,货品5,91,True,正常
P240875,2016-09-15,2016-12-15,按时交货,货品5,质量合格,泰国,1.0,112.68,9,按时交货,泰国,货品5,91,True,正常
P240901,2016-10-01,2016-11-30,按时交货,货品6,质量合格,马来西亚,1.0,27.04,10,按时交货,马来西亚,货品6,60,True,正常
P240931,2016-12-30,2017-2-28,晚交货,货品4,返修,西北,1.0,746.69,12,晚交货,西北,货品4,60,False,正常
P241709,2016-10-14,2017-1-14,晚交货,货品2,质量合格,华东,2.0,465.27,10,晚交货,华东,货品2,92,False,正常
P241713,2016-09-05,2016-12-5,按时交货,货品3,质量合格,华北,1.0,116.85,9,按时交货,华北,货品3,91,True,正常
P241715,2016-09-15,2016-12-15,按时交货,货品3,质量合格,华北,1.0,116.85,9,按时交货,华北,货品3,91,True,正常
P241722,2016-09-15,2016-12-15,按时交货,货品6,拒货,马来西亚,1.0,87.12,9,按时交货,马来西亚,货品6,91,True,正常
P242616,2016-11-30,2017-1-30,按时交货,货品3,拒货,华北,2.0,10.03,11,按时交货,华北,货品3,61,True,正常
P242616,2016-11-30,2017-1-30,按时交货,货品3,拒货,华北,2.0,74.84,11,按时交货,华北,货品3,61,True,正常
P242812,2016-10-30,2016-12-30,按时交货,货品5,质量合格,泰国,1.0,186.55,10,按时交货,泰国,货品5,61,True,正常
P242812,2016-10-30,2016-12-30,按时交货,货品5,质量合格,泰国,2.0,209.61,10,按时交货,泰国,货品5,61,True,正常
P242823,2016-10-30,2016-12-30,按时交货,货品6,拒货,马来西亚,2.0,66.54,10,按时交货,马来西亚,货品6,61,True,正常
P243354,2016-09-20,2016-12-20,按时交货,货品3,质量合格,华北,350.0,65.53,9,按时交货,华北,货品3,91,True,正常
P243354,2016-09-20,2016-12-20,按时交货,货品3,质量合格,华北,350.0,65.53,9,按时交货,华北,货品3,91,True,正常
P243400,2016-09-15,2016-12-15,按时交货,货品6,质量合格,马来西亚,4.0,34.82,9,按时交货,马来西亚,货品6,91,True,正常
P243414,2016-10-15,2017-1-15,按时交货,货品5,质量合格,泰国,4.0,124.51,10,按时交货,泰国,货品5,92,True,正常
P243420,2016-09-15,2016-12-15,按时交货,货品2,拒货,华东,1.0,73.78,9,按时交货,华东,货品2,91,True,正常
P243474,2016-10-30,2016-12-30,按时交货,货品2,质量合格,华东,2.0,4.31,10,按时交货,华东,货品2,61,True,正常
P243488,2016-10-30,2016-12-30,按时交货,货品5,质量合格,泰国,2.0,183.84,10,按时交货,泰国,货品5,61,True,正常
P243624,2016-10-30,2016-12-30,按时交货,货品5,返修,泰国,1.0,102.41,10,按时交货,泰国,货品5,61,True,正常
P243691,2016-09-06,2016-12-6,按时交货,货品3,质量合格,华北,1.0,19.47,9,按时交货,华北,货品3,91,True,正常
P244261,2016-10-01,2016-11-30,按时交货,货品1,返修,西北,1.0,9221.69,10,按时交货,西北,货品1,60,True,正常
P244292,2016-09-15,2016-12-15,按时交货,货品6,质量合格,马来西亚,1.0,25.61,9,按时交货,马来西亚,货品6,91,True,正常
P244292,2016-09-15,2016-12-15,按时交货,货品6,质量合格,马来西亚,1.0,25.61,9,按时交货,马来西亚,货品6,91,True,正常
P244336,2016-12-30,2017-2-28,按时交货,货品5,质量合格,泰国,1.0,269.64,12,按时交货,泰国,货品5,60,True,正常
P244336,2016-12-30,2017-2-28,按时交货,货品5,质量合格,泰国,1.0,269.64,12,按时交货,泰国,货品5,60,True,正常
P244345,2016-12-30,2017-2-28,按时交货,货品6,质量合格,马来西亚,1.0,914.06,12,按时交货,马来西亚,货品6,60,True,正常
P244455,2016-10-30,2016-12-30,按时交货,货品6,拒货,马来西亚,1.0,71.53,10,按时交货,马来西亚,货品6,61,True,正常
P244499,2016-10-30,2016-12-30,按时交货,货品5,质量合格,泰国,1.0,139.43,10,按时交货,泰国,货品5,61,True,正常
P244499,2016-10-30,2016-12-30,按时交货,货品5,质量合格,泰国,1.0,71.83,10,按时交货,泰国,货品5,61,True,正常
P245064,2016-11-30,2017-1-30,按时交货,货品6,质量合格,马来西亚,3.0,37.43,11,按时交货,马来西亚,货品6,61,True,正常
P245067,2016-11-30,2017-1-30,按时交货,货品6,质量合格,马来西亚,1.0,25.38,11,按时交货,马来西亚,货品6,61,True,正常
P245070,2016-10-30,2016-12-30,按时交货,货品6,质量合格,马来西亚,16.0,26.62,10,按时交货,马来西亚,货品6,61,True,正常
P245076,2016-10-30,2016-12-30,按时交货,货品3,质量合格,华北,1.0,4.29,10,按时交货,华北,货品3,61,True,正常
P245076,2016-10-30,2016-12-30,按时交货,货品3,质量合格,华北,1.0,6.14,10,按时交货,华北,货品3,61,True,正常
P245108,2016-11-10,2017-2-10,按时交货,货品2,质量合格,华东,16.0,2819.34,11,按时交货,华东,货品2,92,True,正常
P245128,2016-11-10,2017-2-10,按时交货,货品2,质量合格,华东,16.0,2819.34,11,按时交货,华东,货品2,92,True,正常
P245133,2016-10-12,2017-1-12,按时交货,货品6,质量合格,马来西亚,1.0,21.75,10,按时交货,马来西亚,货品6,92,True,正常
P245133,2016-10-12,2017-1-12,按时交货,货品6,质量合格,马来西亚,3.0,19.19,10,按时交货,马来西亚,货品6,92,True,正常
P245258,2016-11-15,2017-2-15,按时交货,货品5,质量合格,泰国,3.0,168.07,11,按时交货,泰国,货品5,92,True,正常
P245915,2016-10-30,2016-12-30,按时交货,货品2,质量合格,华东,4.0,0.51,10,按时交货,华东,货品2,61,True,正常
P245915,2016-10-30,2016-12-30,按时交货,货品2,质量合格,华东,8.0,12.29,10,按时交货,华东,货品2,61,True,正常
P245919,2016-10-30,2016-12-30,按时交货,货品3,质量合格,华北,1.0,25.21,10,按时交货,华北,货品3,61,True,正常
P246023,2016-10-10,2017-1-10,按时交货,货品3,质量合格,华北,1.0,8.78,10,按时交货,华北,货品3,92,True,正常
P246131,2016-10-30,2016-12-30,按时交货,货品6,质量合格,马来西亚,1.0,12.16,10,按时交货,马来西亚,货品6,61,True,正常
P246131,2016-10-30,2016-12-30,按时交货,货品6,质量合格,马来西亚,1.0,4.49,10,按时交货,马来西亚,货品6,61,True,正常
P246665,2016-10-20,2017-1-20,按时交货,货品2,质量合格,华东,12.0,22.46,10,按时交货,华东,货品2,92,True,正常
P246666,2016-10-20,2017-1-20,按时交货,货品2,质量合格,华东,12.0,22.46,10,按时交货,华东,货品2,92,True,正常
P246666,2016-10-20,2017-1-20,按时交货,货品2,质量合格,华东,12.0,22.46,10,按时交货,华东,货品2,92,True,正常
P246672,2016-11-11,2017-2-11,按时交货,货品5,质量合格,泰国,1.0,330.22,11,按时交货,泰国,货品5,92,True,正常
P246678,2016-10-15,2017-1-15,按时交货,货品6,质量合格,马来西亚,20.0,16.47,10,按时交货,马来西亚,货品6,92,True,正常
P246733,2016-09-15,2016-12-15,按时交货,货品5,返修,泰国,5.0,108.94,9,按时交货,泰国,货品5,91,True,正常
P246741,2016-09-15,2016-12-15,按时交货,货品6,质量合格,马来西亚,5.0,15.87,9,按时交货,马来西亚,货品6,91,True,正常
P246741,2016-09-15,2016-12-15,按时交货,货品6,质量合格,马来西亚,8.0,20.48,9,按时交货,马来西亚,货品6,91,True,正常
P246758,2016-10-30,2016-12-30,按时交货,货品6,质量合格,马来西亚,2.0,5.38,10,按时交货,马来西亚,货品6,61,True,正常
P246758,2016-10-30,2016-12-30,按时交货,货品6,质量合格,马来西亚,14.0,13.63,10,按时交货,马来西亚,货品6,61,True,正常
P246773,2016-10-14,2017-1-14,按时交货,货品3,返修,华北,18.0,103.67,10,按时交货,华北,货品3,92,True,正常
P246800,2016-10-15,2017-1-15,按时交货,货品5,返修,泰国,1.0,104.94,10,按时交货,泰国,货品5,92,True,正常
P246840,2016-10-30,2016-12-30,按时交货,货品3,质量合格,华北,5.0,35.84,10,按时交货,华北,货品3,61,True,正常
P246940,2016-10-30,2016-12-30,按时交货,货品3,质量合格,华北,500.0,24.33,10,按时交货,华北,货品3,61,True,正常
P247031,2016-12-14,2017-3-14,按时交货,货品2,质量合格,华东,1.0,11.89,12,按时交货,华东,货品2,90,True,正常
P247031,2016-12-14,2017-3-14,按时交货,货品2,质量合格,华东,1.0,11.89,12,按时交货,华东,货品2,90,True,正常
P247478,2016-11-30,2017-1-30,按时交货,货品2,质量合格,华东,268.0,20.06,11,按时交货,华东,货品2,61,True,正常
P247478,2016-11-30,2017-1-30,按时交货,货品2,质量合格,华东,268.0,20.06,11,按时交货,华东,货品2,61,True,正常
P247547,2016-11-21,2017-2-21,按时交货,货品3,质量合格,华北,1.0,1399.16,11,按时交货,华北,货品3,92,True,正常
P248422,2016-12-30,2017-2-28,按时交货,货品2,质量合格,华东,1.0,1119.58,12,按时交货,华东,货品2,60,True,正常
P248427,2016-10-20,2017-1-20,按时交货,货品3,拒货,华北,16.0,3.36,10,按时交货,华北,货品3,92,True,正常
P248433,2016-12-10,2017-3-10,按时交货,货品3,质量合格,华北,224.0,147.91,12,按时交货,华北,货品3,90,True,正常
P248438,2016-10-10,2017-1-10,按时交货,货品2,质量合格,华东,4.0,7.5,10,按时交货,华东,货品2,92,True,正常
P248442,2016-10-30,2016-12-30,按时交货,货品6,拒货,马来西亚,100.0,70.55,10,按时交货,马来西亚,货品6,61,True,正常
P248552,2016-10-30,2016-12-30,按时交货,货品2,质量合格,华东,1.0,38.53,10,按时交货,华东,货品2,61,True,正常
P248604,2016-09-14,2016-12-14,按时交货,货品2,返修,华东,1.0,3078.36,9,按时交货,华东,货品2,91,True,正常
P248604,2016-09-14,2016-12-14,按时交货,货品2,返修,华东,1.0,641.33,9,按时交货,华东,货品2,91,True,正常
P248633,2016-10-27,2016-12-27,按时交货,货品2,返修,华东,1.0,3078.36,10,按时交货,华东,货品2,61,True,正常
P248633,2016-10-27,2016-12-27,按时交货,货品2,返修,华东,1.0,641.33,10,按时交货,华东,货品2,61,True,正常
P248661,2016-10-15,2017-1-15,按时交货,货品6,质量合格,马来西亚,1.0,13.47,10,按时交货,马来西亚,货品6,92,True,正常
P248675,2016-10-30,2016-12-30,按时交货,货品3,质量合格,华北,300.0,13.46,10,按时交货,华北,货品3,61,True,正常
P248675,2016-10-30,2016-12-30,按时交货,货品3,质量合格,华北,240.0,23.41,10,按时交货,华北,货品3,61,True,正常
P248760,2016-09-15,2016-12-15,按时交货,货品6,质量合格,马来西亚,4.0,37.52,9,按时交货,马来西亚,货品6,91,True,正常
P249235,2016-10-10,2017-1-10,按时交货,货品3,质量合格,华北,1.0,346.32,10,按时交货,华北,货品3,92,True,正常
P249240,2016-10-15,2017-1-15,晚交货,货品2,返修,华东,4.0,4722.18,10,晚交货,华东,货品2,92,False,正常
P249505,2016-12-30,2017-2-28,按时交货,货品5,质量合格,泰国,3.0,147.74,12,按时交货,泰国,货品5,60,True,正常
P249549,2016-10-15,2017-1-15,按时交货,货品6,质量合格,马来西亚,1.0,1305.87,10,按时交货,马来西亚,货品6,92,True,正常
P249575,2016-10-15,2017-1-15,按时交货,货品5,质量合格,泰国,2.0,120.08,10,按时交货,泰国,货品5,92,True,正常
P250916,2016-11-28,2017-1-28,按时交货,货品2,质量合格,华东,1.0,729.24,11,按时交货,华东,货品2,61,True,正常
P250921,2016-10-17,2017-1-17,按时交货,货品6,质量合格,马来西亚,2.0,4.15,10,按时交货,马来西亚,货品6,92,True,正常
P250921,2016-10-17,2017-1-17,按时交货,货品6,质量合格,马来西亚,4.0,8.3,10,按时交货,马来西亚,货品6,92,True,正常
P250941,2016-10-10,2017-1-10,按时交货,货品3,质量合格,华北,1.0,161.7,10,按时交货,华北,货品3,92,True,正常
P251034,2016-12-01,2017-1-31,按时交货,货品3,质量合格,华北,20.0,551.17,12,按时交货,华北,货品3,61,True,正常
P251069,2016-10-18,2017-1-18,按时交货,货品2,质量合格,华东,1.0,22.0,10,按时交货,华东,货品2,92,True,正常
P251083,2016-12-30,2017-2-28,晚交货,货品4,返修,西北,1.0,449.59,12,晚交货,西北,货品4,60,False,正常
P251130,2016-11-15,2017-2-15,按时交货,货品3,返修,华北,2.0,115.99,11,按时交货,华北,货品3,92,True,正常
P251145,2016-10-15,2017-1-15,按时交货,货品6,质量合格,马来西亚,1.0,21.71,10,按时交货,马来西亚,货品6,92,True,正常
P251740,2016-12-09,2017-3-9,按时交货,货品2,质量合格,华东,1.0,363.33,12,按时交货,华东,货品2,90,True,正常
P251795,2016-09-23,2016-12-23,按时交货,货品3,质量合格,华北,600.0,430.09,9,按时交货,华北,货品3,91,True,正常
P251926,2016-10-15,2017-1-15,按时交货,货品5,质量合格,泰国,1.0,193.31,10,按时交货,泰国,货品5,92,True,正常
P251928,2016-10-08,2017-1-8,晚交货,货品3,拒货,华北,1.0,69.93,10,晚交货,华北,货品3,92,False,正常
P251937,2016-12-30,2017-2-28,按时交货,货品3,质量合格,华北,4.0,22.33,12,按时交货,华北,货品3,60,True,正常
P251937,2016-12-30,2017-2-28,按时交货,货品3,质量合格,华北,4.0,22.33,12,按时交货,华北,货品3,60,True,正常
P251956,2016-11-18,2017-2-18,晚交货,货品3,质量合格,华北,1.0,31.47,11,晚交货,华北,货品3,92,False,正常
P251956,2016-11-18,2017-2-18,按时交货,货品3,质量合格,华北,1.0,206.13,11,按时交货,华北,货品3,92,True,正常
P251989,2016-12-30,2017-2-28,按时交货,货品3,质量合格,华北,4.0,16.78,12,按时交货,华北,货品3,60,True,正常
P252562,2016-10-15,2017-1-15,按时交货,货品6,质量合格,马来西亚,10.0,54.48,10,按时交货,马来西亚,货品6,92,True,正常
P252569,2016-11-15,2017-2-15,按时交货,货品2,返修,华东,43.0,2124.69,11,按时交货,华东,货品2,92,True,正常
P252569,2016-11-15,2017-2-15,按时交货,货品2,返修,华东,43.0,2035.13,11,按时交货,华东,货品2,92,True,正常
P252575,2016-11-28,2017-1-28,按时交货,货品2,质量合格,华东,1.0,13.75,11,按时交货,华东,货品2,61,True,正常
P252578,2016-12-01,2017-1-31,按时交货,货品2,质量合格,华东,1.0,358.47,12,按时交货,华东,货品2,61,True,正常
P252578,2016-12-01,2017-1-31,按时交货,货品2,质量合格,华东,1.0,12.16,12,按时交货,华东,货品2,61,True,正常
P252602,2016-11-15,2017-2-15,晚交货,货品4,返修,西北,1.0,448.09,11,晚交货,西北,货品4,92,False,正常
P252656,2016-10-30,2016-12-30,按时交货,货品2,拒货,华东,1.0,70.3,10,按时交货,华东,货品2,61,True,正常
P252656,2016-10-30,2016-12-30,按时交货,货品2,拒货,华东,1.0,25.02,10,按时交货,华东,货品2,61,True,正常
P252688,2016-11-30,2017-1-30,按时交货,货品2,质量合格,华东,4.0,8.99,11,按时交货,华东,货品2,61,True,正常
P252688,2016-11-30,2017-1-30,按时交货,货品2,质量合格,华东,4.0,8.99,11,按时交货,华东,货品2,61,True,正常
P252694,2016-09-21,2016-12-21,按时交货,货品3,质量合格,华北,2.0,339.15,9,按时交货,华北,货品3,91,True,正常
P252722,2016-10-08,2017-1-8,晚交货,货品2,质量合格,华东,2.0,2772.09,10,晚交货,华东,货品2,92,False,正常
P252725,2016-12-10,2017-3-10,按时交货,货品3,质量合格,华北,1.0,651.13,12,按时交货,华北,货品3,90,True,正常
P252887,2016-10-15,2017-1-15,晚交货,货品4,返修,西北,1000.0,443.68,10,晚交货,西北,货品4,92,False,正常
P252887,2016-10-15,2017-1-15,晚交货,货品4,返修,西北,20.0,5.12,10,晚交货,西北,货品4,92,False,正常
P255090,2016-11-15,2017-2-15,按时交货,货品2,质量合格,华东,1.0,1146.38,11,按时交货,华东,货品2,92,True,正常
P255101,2016-10-15,2017-1-15,按时交货,货品5,质量合格,泰国,500.0,271.38,10,按时交货,泰国,货品5,92,True,正常
P255102,2016-12-30,2017-2-28,按时交货,货品2,拒货,华东,1.0,82.14,12,按时交货,华东,货品2,60,True,正常
P255105,2016-10-08,2017-1-8,按时交货,货品2,质量合格,华东,1.0,335.64,10,按时交货,华东,货品2,92,True,正常
P255108,2016-10-15,2017-1-15,按时交货,货品5,质量合格,泰国,500.0,372.68,10,按时交货,泰国,货品5,92,True,正常
P255120,2016-12-30,2017-2-28,按时交货,货品3,质量合格,华北,1.0,25.62,12,按时交货,华北,货品3,60,True,正常
P255136,2016-10-15,2017-1-15,按时交货,货品3,质量合格,华北,1.0,152.55,10,按时交货,华北,货品3,92,True,正常
P255181,2016-10-10,2017-1-10,按时交货,货品3,拒货,华北,1.0,3.6,10,按时交货,华北,货品3,92,True,正常
P255182,2016-10-08,2017-1-8,按时交货,货品2,拒货,华东,2.0,76.89,10,按时交货,华东,货品2,92,True,正常
P255190,2016-12-01,2017-1-31,按时交货,货品6,拒货,马来西亚,4.0,69.71,12,按时交货,马来西亚,货品6,61,True,正常
P255195,2016-10-15,2017-1-15,按时交货,货品6,质量合格,马来西亚,1.0,27.55,10,按时交货,马来西亚,货品6,92,True,正常
P255242,2016-11-15,2017-2-15,按时交货,货品6,质量合格,马来西亚,1.0,23.07,11,按时交货,马来西亚,货品6,92,True,正常
P255253,2016-10-15,2017-1-15,晚交货,货品4,返修,西北,2.0,449.79,10,晚交货,西北,货品4,92,False,正常
P255327,2016-12-30,2017-2-28,按时交货,货品3,质量合格,华北,1.0,401.54,12,按时交货,华北,货品3,60,True,正常
P255377,2016-10-15,2017-1-15,按时交货,货品6,质量合格,马来西亚,1.0,1304.39,10,按时交货,马来西亚,货品6,92,True,正常
P255428,2016-12-01,2017-1-31,按时交货,货品3,拒货,华北,300.0,19.21,12,按时交货,华北,货品3,61,True,正常
P255428,2016-12-01,2017-1-31,按时交货,货品6,拒货,马来西亚,1.0,40.21,12,按时交货,马来西亚,货品6,61,True,正常
P255429,2016-10-15,2017-1-15,按时交货,货品6,质量合格,马来西亚,1.0,20.51,10,按时交货,马来西亚,货品6,92,True,正常
P255429,2016-10-15,2017-1-15,按时交货,货品6,质量合格,马来西亚,1.0,20.51,10,按时交货,马来西亚,货品6,92,True,正常
P255474,2016-10-15,2017-1-15,按时交货,货品3,质量合格,华北,1.0,939.61,10,按时交货,华北,货品3,92,True,正常
P255474,2016-10-15,2017-1-15,按时交货,货品3,质量合格,华北,1.0,939.61,10,按时交货,华北,货品3,92,True,正常
P255490,2016-10-30,2016-12-30,按时交货,货品6,质量合格,马来西亚,1.0,13.84,10,按时交货,马来西亚,货品6,61,True,正常
P255538,2016-10-15,2017-1-15,按时交货,货品6,质量合格,马来西亚,2.0,14.35,10,按时交货,马来西亚,货品6,92,True,正常
P256151,2016-09-20,2016-12-20,晚交货,货品3,质量合格,华北,1.0,889.13,9,晚交货,华北,货品3,91,False,正常
P256164,2016-11-20,2017-2-20,按时交货,货品2,质量合格,华东,1.0,36.13,11,按时交货,华东,货品2,92,True,正常
P256188,2016-12-01,2017-1-31,按时交货,货品3,质量合格,华北,1.0,2248.65,12,按时交货,华北,货品3,61,True,正常
P256236,2016-10-25,2016-12-25,按时交货,货品2,质量合格,华东,1.0,200.79,10,按时交货,华东,货品2,61,True,正常
P257139,2016-12-01,2017-1-31,按时交货,货品6,拒货,马来西亚,60.0,85.44,12,按时交货,马来西亚,货品6,61,True,正常
P257145,2016-10-15,2017-1-15,按时交货,货品6,质量合格,马来西亚,1.0,1.92,10,按时交货,马来西亚,货品6,92,True,正常
P257145,2016-10-15,2017-1-15,按时交货,货品6,质量合格,马来西亚,1.0,23.07,10,按时交货,马来西亚,货品6,92,True,正常
P257208,2016-10-15,2017-1-15,按时交货,货品2,质量合格,华东,4.0,9.23,10,按时交货,华东,货品2,92,True,正常
P257208,2016-10-15,2017-1-15,按时交货,货品2,质量合格,华东,4.0,32.18,10,按时交货,华东,货品2,92,True,正常
P257209,2016-12-21,2017-3-21,按时交货,货品5,质量合格,泰国,144.0,262.89,12,按时交货,泰国,货品5,90,True,正常
P257239,2016-10-13,2017-1-13,按时交货,货品6,质量合格,马来西亚,8.0,13.84,10,按时交货,马来西亚,货品6,92,True,正常
P257356,2016-11-30,2017-1-30,按时交货,货品2,拒货,华东,110.0,49.47,11,按时交货,华东,货品2,61,True,正常
P257356,2016-11-30,2017-1-30,按时交货,货品2,拒货,华东,110.0,49.47,11,按时交货,华东,货品2,61,True,正常
P258069,2016-10-20,2017-1-20,按时交货,货品3,质量合格,华北,266.0,171.5,10,按时交货,华北,货品3,92,True,正常
P258160,2016-12-01,2017-1-31,按时交货,货品3,质量合格,华北,12.0,7.92,12,按时交货,华北,货品3,61,True,正常
P258182,2016-11-30,2017-1-30,按时交货,货品6,拒货,马来西亚,10.0,54.53,11,按时交货,马来西亚,货品6,61,True,正常
P259120,2016-10-15,2017-1-15,按时交货,货品6,质量合格,马来西亚,1.0,16.27,10,按时交货,马来西亚,货品6,92,True,正常
P259167,2016-12-01,2017-1-31,按时交货,货品5,返修,泰国,1.0,107.95,12,按时交货,泰国,货品5,61,True,正常
P259264,2016-12-01,2017-1-31,按时交货,货品6,拒货,马来西亚,1.0,17.43,12,按时交货,马来西亚,货品6,61,True,正常
P259264,2016-12-01,2017-1-31,按时交货,货品6,拒货,马来西亚,2.0,43.57,12,按时交货,马来西亚,货品6,61,True,正常
P259279,2016-11-10,2017-2-10,按时交货,货品2,质量合格,华东,134.0,10.05,11,按时交货,华东,货品2,92,True,正常
P259279,2016-11-10,2017-2-10,按时交货,货品2,质量合格,华东,134.0,10.05,11,按时交货,华东,货品2,92,True,正常
P259303,2016-12-19,2017-3-19,按时交货,货品2,拒货,华东,2.0,43.48,12,按时交货,华东,货品2,90,True,正常
P259303,2016-12-19,2017-3-19,按时交货,货品2,拒货,华东,2.0,43.48,12,按时交货,华东,货品2,90,True,正常
P259318,2016-10-29,2016-12-29,按时交货,货品5,质量合格,泰国,1.0,96.4,10,按时交货,泰国,货品5,61,True,正常
P259318,2016-10-29,2016-12-29,晚交货,货品5,质量合格,泰国,1.0,96.4,10,晚交货,泰国,货品5,61,False,正常
P260011,2016-12-30,2017-2-28,按时交货,货品3,质量合格,华北,1.0,48.19,12,按时交货,华北,货品3,60,True,正常
P260079,2016-10-15,2017-1-15,按时交货,货品6,质量合格,马来西亚,4.0,13.33,10,按时交货,马来西亚,货品6,92,True,正常
P260081,2016-11-10,2017-2-10,按时交货,货品3,质量合格,华北,1.0,276.21,11,按时交货,华北,货品3,92,True,正常
P260081,2016-11-10,2017-2-10,按时交货,货品3,质量合格,华北,1.0,329.59,11,按时交货,华北,货品3,92,True,正常
P260100,2016-10-15,2017-1-15,按时交货,货品6,质量合格,马来西亚,10.0,10.24,10,按时交货,马来西亚,货品6,92,True,正常
P260105,2016-10-15,2017-1-15,按时交货,货品6,质量合格,马来西亚,1.0,30.76,10,按时交货,马来西亚,货品6,92,True,正常
P260970,2016-12-01,2017-1-31,按时交货,货品5,质量合格,泰国,4.0,107.81,12,按时交货,泰国,货品5,61,True,正常
P260970,2016-12-01,2017-1-31,按时交货,货品5,质量合格,泰国,50.0,134.48,12,按时交货,泰国,货品5,61,True,正常
P260975,2016-11-10,2017-2-10,按时交货,货品6,返修,马来西亚,2.0,44.99,11,按时交货,马来西亚,货品6,92,True,正常
P260975,2016-11-10,2017-2-10,按时交货,货品2,返修,华东,2.0,61.42,11,按时交货,华东,货品2,92,True,正常
P261876,2016-12-01,2017-1-31,按时交货,货品3,质量合格,华北,1.0,151.64,12,按时交货,华北,货品3,61,True,正常
P261891,2016-11-15,2017-2-15,按时交货,货品3,质量合格,华北,2.0,14.03,11,按时交货,华北,货品3,92,True,正常
P261891,2016-11-15,2017-2-15,按时交货,货品3,质量合格,华北,2.0,14.03,11,按时交货,华北,货品3,92,True,正常
P261893,2016-11-11,2017-2-11,按时交货,货品3,质量合格,华北,1.0,11.77,11,按时交货,华北,货品3,92,True,正常
P261904,2016-12-30,2017-2-28,按时交货,货品5,返修,泰国,5.0,109.01,12,按时交货,泰国,货品5,60,True,正常
P261929,2016-12-01,2017-1-31,按时交货,货品5,拒货,泰国,2.0,69.98,12,按时交货,泰国,货品5,61,True,正常
P261929,2016-12-01,2017-1-31,按时交货,货品5,拒货,泰国,1.0,29.37,12,按时交货,泰国,货品5,61,True,正常
P262232,2016-12-01,2017-1-31,按时交货,货品6,质量合格,马来西亚,1.0,32.02,12,按时交货,马来西亚,货品6,61,True,正常
P262232,2016-12-01,2017-1-31,按时交货,货品6,质量合格,马来西亚,1.0,3.33,12,按时交货,马来西亚,货品6,61,True,正常
P263936,2016-12-30,2017-2-28,晚交货,货品4,返修,西北,20.0,668.51,12,晚交货,西北,货品4,60,False,正常
P263958,2016-11-15,2017-2-15,按时交货,货品2,质量合格,华东,191.0,144.96,11,按时交货,华东,货品2,92,True,正常
P263958,2016-11-15,2017-2-15,按时交货,货品2,质量合格,华东,191.0,144.96,11,按时交货,华东,货品2,92,True,正常
P263985,2016-10-15,2017-1-15,按时交货,货品3,质量合格,华北,1.0,153.6,10,按时交货,华北,货品3,92,True,正常
P268678,2016-11-15,2017-2-15,晚交货,货品4,返修,西北,1.0,755.45,11,晚交货,西北,货品4,92,False,正常
P268732,2016-12-15,2017-3-15,按时交货,货品5,质量合格,泰国,1.0,226.92,12,按时交货,泰国,货品5,90,True,正常
P268736,2016-11-05,2017-2-5,晚交货,货品5,质量合格,泰国,1.0,345.05,11,晚交货,泰国,货品5,92,False,正常
P268751,2016-12-01,2017-1-31,按时交货,货品3,拒货,华北,1.0,96.42,12,按时交货,华北,货品3,61,True,正常
P268754,2016-11-25,2017-1-25,晚交货,货品6,质量合格,马来西亚,1.0,52.46,11,晚交货,马来西亚,货品6,61,False,正常
P268755,2016-10-15,2017-1-15,按时交货,货品3,质量合格,华北,2.0,163.45,10,按时交货,华北,货品3,92,True,正常
P268756,2016-10-15,2017-1-15,按时交货,货品3,拒货,华北,1.0,88.05,10,按时交货,华北,货品3,92,True,正常
P268761,2016-11-05,2017-2-5,晚交货,货品5,返修,泰国,1.0,104.92,11,晚交货,泰国,货品5,92,False,正常
P268766,2016-12-01,2017-1-31,按时交货,货品2,质量合格,华东,1.0,14.62,12,按时交货,华东,货品2,61,True,正常
P268769,2016-12-28,2017-2-28,晚交货,货品6,拒货,马来西亚,1.0,59.96,12,晚交货,马来西亚,货品6,62,False,正常
P268783,2016-12-01,2017-1-31,按时交货,货品2,拒货,华东,1.0,69.6,12,按时交货,华东,货品2,61,True,正常
P268784,2016-10-15,2017-1-15,按时交货,货品3,质量合格,华北,3.0,12.88,10,按时交货,华北,货品3,92,True,正常
P268785,2016-12-01,2017-1-31,按时交货,货品2,拒货,华东,1.0,74.95,12,按时交货,华东,货品2,61,True,正常
P268823,2016-12-15,2017-3-15,晚交货,货品4,返修,西北,20.0,581.49,12,晚交货,西北,货品4,90,False,正常
P268828,2016-11-15,2017-2-15,按时交货,货品6,质量合格,马来西亚,1.0,27.38,11,按时交货,马来西亚,货品6,92,True,正常
P268841,2016-12-15,2017-3-15,按时交货,货品6,质量合格,马来西亚,1.0,50.13,12,按时交货,马来西亚,货品6,90,True,正常
P269001,2016-11-15,2017-2-15,按时交货,货品5,质量合格,泰国,1.0,190.52,11,按时交货,泰国,货品5,92,True,正常
P269580,2016-10-15,2017-1-15,按时交货,货品5,质量合格,泰国,1.0,157.06,10,按时交货,泰国,货品5,92,True,正常
P269606,2016-12-01,2017-1-31,晚交货,货品6,质量合格,马来西亚,313.0,1012.31,12,晚交货,马来西亚,货品6,61,False,正常
P270687,2016-12-01,2017-1-31,按时交货,货品6,质量合格,马来西亚,1.0,1372.98,12,按时交货,马来西亚,货品6,61,True,正常
P270759,2016-12-01,2017-1-31,按时交货,货品6,拒货,马来西亚,1.0,76.44,12,按时交货,马来西亚,货品6,61,True,正常
P271594,2016-10-17,2017-1-17,按时交货,货品2,质量合格,华东,2.0,46.69,10,按时交货,华东,货品2,92,True,正常
P272232,2016-12-01,2017-1-31,按时交货,货品5,质量合格,泰国,1.0,288.48,12,按时交货,泰国,货品5,61,True,正常
P272240,2016-12-15,2017-3-15,晚交货,货品2,质量合格,华东,1.0,237.89,12,晚交货,华东,货品2,90,False,正常
P272240,2016-11-22,2017-2-22,晚交货,货品2,质量合格,华东,1.0,237.89,11,晚交货,华东,货品2,92,False,正常
P272267,2016-12-01,2017-1-31,按时交货,货品5,拒货,泰国,1.0,98.19,12,按时交货,泰国,货品5,61,True,正常
P272359,2016-12-10,2017-3-10,按时交货,货品3,质量合格,华北,1260.0,333.83,12,按时交货,华北,货品3,90,True,正常
P273040,2016-11-05,2017-2-5,晚交货,货品6,质量合格,马来西亚,1.0,32.21,11,晚交货,马来西亚,货品6,92,False,正常
P273050,2016-12-01,2017-1-31,按时交货,货品3,返修,华北,1.0,105.16,12,按时交货,华北,货品3,61,True,正常
P273051,2016-11-30,2017-1-30,按时交货,货品3,拒货,华北,2.0,73.23,11,按时交货,华北,货品3,61,True,正常
P273061,2016-12-30,2017-2-28,晚交货,货品4,返修,西北,4.0,583.53,12,晚交货,西北,货品4,60,False,正常
P273122,2016-11-08,2017-2-8,按时交货,货品3,质量合格,华北,2.0,31.97,11,按时交货,华北,货品3,92,True,正常
P273161,2016-11-15,2017-2-15,按时交货,货品2,质量合格,华东,5.0,24.1,11,按时交货,华东,货品2,92,True,正常
P273202,2016-10-24,2017-1-24,按时交货,货品5,质量合格,泰国,2.0,205.51,10,按时交货,泰国,货品5,92,True,正常
P273339,2016-11-15,2017-2-15,按时交货,货品3,质量合格,华北,1.0,357.73,11,按时交货,华北,货品3,92,True,正常
P273931,2016-12-30,2017-2-28,按时交货,货品2,质量合格,华东,1.0,11.07,12,按时交货,华东,货品2,60,True,正常
P273980,2016-12-19,2017-3-19,按时交货,货品2,质量合格,华东,4.0,22.86,12,按时交货,华东,货品2,90,True,正常
P273980,2016-12-19,2017-3-19,按时交货,货品2,质量合格,华东,2.0,4.6,12,按时交货,华东,货品2,90,True,正常
P274062,2016-12-01,2017-1-31,按时交货,货品3,质量合格,华北,21.0,36.29,12,按时交货,华北,货品3,61,True,正常
P274089,2016-12-30,2017-2-28,按时交货,货品6,质量合格,马来西亚,1.0,45.04,12,按时交货,马来西亚,货品6,60,True,正常
P274202,2016-11-15,2017-2-15,按时交货,货品5,质量合格,泰国,1.0,154.81,11,按时交货,泰国,货品5,92,True,正常
P274973,2016-11-15,2017-2-15,按时交货,货品2,质量合格,华东,4.0,76.73,11,按时交货,华东,货品2,92,True,正常
P274973,2016-11-15,2017-2-15,按时交货,货品2,质量合格,华东,4.0,76.73,11,按时交货,华东,货品2,92,True,正常
P275847,2016-11-30,2017-1-30,按时交货,货品3,质量合格,华北,1.0,306.49,11,按时交货,华北,货品3,61,True,正常
P275918,2016-10-24,2017-1-24,按时交货,货品2,质量合格,华东,2.0,2307.36,10,按时交货,华东,货品2,92,True,正常
P276849,2016-12-25,2017-2-25,按时交货,货品3,质量合格,华北,1.0,8.67,12,按时交货,华北,货品3,62,True,正常
P277636,2016-12-15,2017-3-15,按时交货,货品5,质量合格,泰国,5.0,125.03,12,按时交货,泰国,货品5,90,True,正常
P277636,2016-12-15,2017-3-15,按时交货,货品5,质量合格,泰国,5.0,125.03,12,按时交货,泰国,货品5,90,True,正常
P277702,2016-12-01,2017-1-31,晚交货,货品4,返修,西北,1.0,788.26,12,晚交货,西北,货品4,61,False,正常
P277720,2016-12-15,2017-3-15,按时交货,货品5,质量合格,泰国,50.0,79.01,12,按时交货,泰国,货品5,90,True,正常
P277720,2016-12-15,2017-3-15,按时交货,货品5,质量合格,泰国,2.0,71.6,12,按时交货,泰国,货品5,90,True,正常
P277851,2016-12-01,2017-1-31,按时交货,货品2,质量合格,华东,2.0,309.57,12,按时交货,华东,货品2,61,True,正常
P277851,2016-12-01,2017-1-31,按时交货,货品2,质量合格,华东,2.0,1031.91,12,按时交货,华东,货品2,61,True,正常
P277861,2016-11-15,2017-2-15,按时交货,货品3,质量合格,华北,1.0,296.18,11,按时交货,华北,货品3,92,True,正常
P277941,2016-12-25,2017-2-25,按时交货,货品2,拒货,华东,6000.0,87.69,12,按时交货,华东,货品2,62,True,正常
P278712,2016-12-01,2017-1-31,按时交货,货品6,质量合格,马来西亚,1.0,6.31,12,按时交货,马来西亚,货品6,61,True,正常
P278911,2016-12-30,2017-2-28,按时交货,货品6,质量合格,马来西亚,1.0,1289.4,12,按时交货,马来西亚,货品6,60,True,正常
P279648,2016-12-30,2017-2-28,按时交货,货品2,质量合格,华东,1.0,439.2,12,按时交货,华东,货品2,60,True,正常
P279759,2016-12-30,2017-2-28,按时交货,货品4,返修,西北,1.0,732.34,12,按时交货,西北,货品4,60,True,正常
P279861,2016-11-15,2017-2-15,按时交货,货品2,拒货,华东,1.0,80.28,11,按时交货,华东,货品2,92,True,正常
P280441,2016-12-30,2017-2-28,按时交货,货品3,质量合格,华北,4.0,16.53,12,按时交货,华北,货品3,60,True,正常
P280444,2016-11-21,2017-2-21,按时交货,货品5,质量合格,泰国,1.0,341.1,11,按时交货,泰国,货品5,92,True,正常
P280484,2016-11-15,2017-2-15,按时交货,货品2,质量合格,华东,400.0,44.84,11,按时交货,华东,货品2,92,True,正常
P280551,2016-12-30,2017-2-28,按时交货,货品6,拒货,马来西亚,1.0,79.42,12,按时交货,马来西亚,货品6,60,True,正常
P280616,2016-11-15,2017-2-15,按时交货,货品3,质量合格,华北,1.0,11.09,11,按时交货,华北,货品3,92,True,正常
P280616,2016-11-15,2017-2-15,按时交货,货品3,质量合格,华北,1.0,22.57,11,按时交货,华北,货品3,92,True,正常
P280643,2016-11-15,2017-2-15,按时交货,货品2,质量合格,华东,10.0,10.09,11,按时交货,华东,货品2,92,True,正常
P280643,2016-11-15,2017-2-15,按时交货,货品2,质量合格,华东,10.0,12.61,11,按时交货,华东,货品2,92,True,正常
P280755,2016-11-15,2017-2-15,按时交货,货品6,拒货,马来西亚,20.0,27.74,11,按时交货,马来西亚,货品6,92,True,正常
P280755,2016-11-15,2017-2-15,按时交货,货品6,拒货,马来西亚,20.0,27.74,11,按时交货,马来西亚,货品6,92,True,正常
P281788,2016-12-30,2017-2-28,按时交货,货品4,返修,西北,1000.0,432.44,12,按时交货,西北,货品4,60,True,正常
P281788,2016-12-30,2017-2-28,按时交货,货品4,返修,西北,20.0,5.04,12,按时交货,西北,货品4,60,True,正常
P281886,2016-12-30,2017-2-28,按时交货,货品5,质量合格,泰国,60.0,191.36,12,按时交货,泰国,货品5,60,True,正常
P282490,2016-12-30,2017-2-28,按时交货,货品2,返修,华东,11500.0,8109.03,12,按时交货,华东,货品2,60,True,正常
P283061,2016-11-15,2017-2-15,按时交货,货品2,质量合格,华东,2.0,401.38,11,按时交货,华东,货品2,92,True,正常
P283087,2016-11-15,2017-2-15,晚交货,货品4,返修,西北,1.0,813.4,11,晚交货,西北,货品4,92,False,正常
P283088,2016-12-30,2017-2-28,按时交货,货品2,质量合格,华东,1.0,738.65,12,按时交货,华东,货品2,60,True,正常
P283143,2016-12-15,2017-3-15,按时交货,货品6,质量合格,马来西亚,1.0,17.42,12,按时交货,马来西亚,货品6,90,True,正常
P283176,2016-12-30,2017-2-28,按时交货,货品6,质量合格,马来西亚,1.0,2121.25,12,按时交货,马来西亚,货品6,60,True,正常
P283614,2016-11-07,2017-2-7,晚交货,货品3,质量合格,华北,1.0,323.45,11,晚交货,华北,货品3,92,False,正常
P283645,2016-12-30,2017-2-28,按时交货,货品4,质量合格,西北,2.0,275.71,12,按时交货,西北,货品4,60,True,正常
P283645,2016-12-30,2017-2-28,按时交货,货品4,质量合格,西北,2.0,275.71,12,按时交货,西北,货品4,60,True,正常
P283682,2016-11-15,2017-2-15,按时交货,货品2,返修,华东,12.0,98.65,11,按时交货,华东,货品2,92,True,正常
P283682,2016-11-15,2017-2-15,按时交货,货品2,返修,华东,7.0,3.81,11,按时交货,华东,货品2,92,True,正常
P283742,2016-11-15,2017-2-15,按时交货,货品2,质量合格,华东,2.0,4.17,11,按时交货,华东,货品2,92,True,正常
P283742,2016-11-15,2017-2-15,按时交货,货品2,质量合格,华东,2.0,4.17,11,按时交货,华东,货品2,92,True,正常
P284413,2016-11-15,2017-2-15,按时交货,货品2,拒货,华东,1.0,96.1,11,按时交货,华东,货品2,92,True,正常
P284435,2016-12-29,2017-2-28,按时交货,货品4,质量合格,西北,8.0,429.65,12,按时交货,西北,货品4,61,True,正常
P284435,2016-12-29,2017-2-28,按时交货,货品4,质量合格,西北,1.0,6.32,12,按时交货,西北,货品4,61,True,正常
P284597,2016-11-20,2017-2-20,晚交货,货品2,质量合格,华东,2.0,223.17,11,晚交货,华东,货品2,92,False,正常
P284628,2016-11-15,2017-2-15,晚交货,货品6,质量合格,马来西亚,1.0,1388.02,11,晚交货,马来西亚,货品6,92,False,正常
P285361,2016-12-05,2017-3-5,按时交货,货品5,质量合格,泰国,6.0,119.31,12,按时交货,泰国,货品5,90,True,正常
P285366,2016-12-15,2017-3-15,按时交货,货品3,质量合格,华北,300.0,273.73,12,按时交货,华北,货品3,90,True,正常
P285384,2016-11-15,2017-2-15,晚交货,货品5,质量合格,泰国,1.0,340.7,11,晚交货,泰国,货品5,92,False,正常
P285393,2016-12-09,2017-3-9,按时交货,货品2,拒货,华东,2.0,1.48,12,按时交货,华东,货品2,90,True,正常
P286525,2016-12-15,2017-3-15,按时交货,货品4,质量合格,西北,1.0,731.74,12,按时交货,西北,货品4,90,True,正常
P286535,2016-11-15,2017-2-15,按时交货,货品6,质量合格,马来西亚,1.0,10.09,11,按时交货,马来西亚,货品6,92,True,正常
P286572,2016-12-30,2017-2-28,按时交货,货品6,质量合格,马来西亚,798.0,1315.75,12,按时交货,马来西亚,货品6,60,True,正常
P286572,2016-12-30,2017-2-28,按时交货,货品6,质量合格,马来西亚,12.0,13.27,12,按时交货,马来西亚,货品6,60,True,正常
P286609,2016-11-15,2017-2-15,按时交货,货品3,返修,华北,2.0,107.78,11,按时交货,华北,货品3,92,True,正常
P287430,2016-12-20,2017-3-20,按时交货,货品2,质量合格,华东,1.0,457.37,12,按时交货,华东,货品2,90,True,正常
P287430,2016-12-20,2017-3-20,按时交货,货品2,质量合格,华东,1.0,457.37,12,按时交货,华东,货品2,90,True,正常
P287440,2016-12-15,2017-3-15,按时交货,货品2,质量合格,华东,1.0,53.61,12,按时交货,华东,货品2,90,True,正常
P287556,2016-12-30,2017-2-28,按时交货,货品2,质量合格,华东,1.0,1945.87,12,按时交货,华东,货品2,60,True,正常
P287666,2016-11-15,2017-2-15,晚交货,货品6,质量合格,马来西亚,2.0,1208.86,11,晚交货,马来西亚,货品6,92,False,正常
P287684,2016-11-20,2017-2-20,按时交货,货品2,质量合格,华东,2.0,2095.33,11,按时交货,华东,货品2,92,True,正常
P288561,2016-11-15,2017-2-15,按时交货,货品2,质量合格,华东,2.0,201.59,11,按时交货,华东,货品2,92,True,正常
P289277,2016-11-15,2017-2-15,按时交货,货品6,拒货,马来西亚,1.0,75.44,11,按时交货,马来西亚,货品6,92,True,正常
P290202,2016-12-25,2017-2-25,按时交货,货品3,返修,华北,1.0,55.11,12,按时交货,华北,货品3,62,True,正常
P290202,2016-12-25,2017-2-25,按时交货,货品3,返修,华北,1.0,55.11,12,按时交货,华北,货品3,62,True,正常
P290211,2016-12-30,2017-2-28,按时交货,货品5,质量合格,泰国,1.0,23.3,12,按时交货,泰国,货品5,60,True,正常
P290211,2016-12-30,2017-2-28,按时交货,货品5,质量合格,泰国,1.0,169.47,12,按时交货,泰国,货品5,60,True,正常
P290256,2016-12-30,2017-2-28,按时交货,货品5,质量合格,泰国,1.0,223.38,12,按时交货,泰国,货品5,60,True,正常
P290256,2016-12-30,2017-2-28,按时交货,货品5,质量合格,泰国,1.0,305.68,12,按时交货,泰国,货品5,60,True,正常
P290265,2016-12-08,2017-3-8,按时交货,货品2,返修,华东,1.0,3014.56,12,按时交货,华东,货品2,90,True,正常
P290265,2016-12-08,2017-3-8,按时交货,货品2,返修,华东,1.0,628.03,12,按时交货,华东,货品2,90,True,正常
P290801,2016-11-20,2017-2-20,晚交货,货品3,质量合格,华北,2.0,128.32,11,晚交货,华北,货品3,92,False,正常
P290822,2016-11-21,2017-2-21,按时交货,货品2,质量合格,华东,2.0,120.2,11,按时交货,华东,货品2,92,True,正常
P290916,2016-12-30,2017-2-28,按时交货,货品6,质量合格,马来西亚,3.0,5.23,12,按时交货,马来西亚,货品6,60,True,正常
P290916,2016-12-30,2017-2-28,按时交货,货品6,质量合格,马来西亚,3.0,4.52,12,按时交货,马来西亚,货品6,60,True,正常
P291696,2016-12-21,2017-3-21,晚交货,货品3,质量合格,华北,1.0,21.19,12,晚交货,华北,货品3,90,False,正常
P291703,2016-12-30,2017-2-28,按时交货,货品6,拒货,马来西亚,1254.0,73.15,12,按时交货,马来西亚,货品6,60,True,正常
P291832,2016-12-30,2017-2-28,按时交货,货品5,质量合格,泰国,1.0,154.49,12,按时交货,泰国,货品5,60,True,正常
P292669,2016-12-30,2017-2-28,按时交货,货品2,质量合格,华东,1.0,890.61,12,按时交货,华东,货品2,60,True,正常
P293768,2016-12-30,2017-2-28,按时交货,货品2,质量合格,华东,1.0,294.87,12,按时交货,华东,货品2,60,True,正常
P296487,2016-11-01,2017-2-1,晚交货,货品6,质量合格,马来西亚,1.0,2178.6,11,晚交货,马来西亚,货品6,92,False,正常
P296511,2016-12-29,2017-2-28,按时交货,货品6,质量合格,马来西亚,1.0,22.97,12,按时交货,马来西亚,货品6,61,True,正常
P297500,2016-12-09,2017-3-9,按时交货,货品3,质量合格,华北,1.0,533.97,12,按时交货,华北,货品3,90,True,正常
P297641,2016-12-15,2017-3-15,按时交货,货品6,质量合格,马来西亚,1.0,44.59,12,按时交货,马来西亚,货品6,90,True,正常
P299789,2016-12-14,2017-3-14,按时交货,货品2,质量合格,华东,1.0,26.05,12,按时交货,华东,货品2,90,True,正常
P299791,2016-12-09,2017-3-9,按时交货,货品2,质量合格,华东,3.0,297.44,12,按时交货,华东,货品2,90,True,正常
P299901,2016-12-15,2017-3-15,按时交货,货品6,质量合格,马来西亚,2.0,200.41,12,按时交货,马来西亚,货品6,90,True,正常
P302956,2016-12-22,2017-3-22,按时交货,货品2,拒货,华东,20.0,79.44,12,按时交货,华东,货品2,90,True,正常
P303801,2016-12-15,2017-3-15,按时交货,货品2,质量合格,华东,1.0,194.08,12,按时交货,华东,货品2,90,True,正常
P307276,2016-12-22,2017-3-22,按时交货,货品6,质量合格,马来西亚,1.0,32.18,12,按时交货,马来西亚,货品6,90,True,正常
P314165,2016-12-20,2017-3-20,按时交货,货品2,质量合格,华东,1.0,1720.92,12,按时交货,华东,货品2,90,True,正常
